County,Area_name,Area_ID,Area_name_coord,Area_name_with_coord_or_not,Area_range,Area_plot_method,Ban,Ban_period,Publish_law,Transgress_law,Fishery_type,Conservation_type,Conservation_level
台中市,五甲人工魚礁區禁漁區,22,24°24'00''N;120°33'24''E,Yes,926,半徑,"1.凡使用網具類漁具之漁船均不得進入禁漁區範圍內作業。
2.如需於保育區內投放或除去水產生物繁殖上所需之保護物，如人工魚礁、船礁或保護礁等人工設施，需申請本府書面同意後，始可為之。
3.以中心位置經緯度為中心，半徑0.5浬範圍以內水域均屬之。",全年,漁業法第44條第4、7款,漁業法第65條第5款及第10條,n/a,"
人工魚礁
","
多功能使用區"
台中市,松柏人工魚礁區禁漁區,23,24°26'09''N;120°34'48''E,Yes,926,半徑,"1.凡使用網具類漁具之漁船均不得進入禁漁區範圍內作業。
2.如需於保育區內投放或除去水產生物繁殖上所需之保護物，如人工魚礁、船礁或保護礁等人工設施，需申請本府書面同意後，始可為之。
3.以中心位置經緯度為中心，半徑0.6浬範圍以內水域均屬之。",全年,漁業法第44條第4、7款,漁業法第65條第5款及第10條,n/a,"
人工魚礁
","
多功能使用區"
台中市,台中港(一)人工魚礁區禁漁區,24,24°15'12''N;120°25'00''E,Yes,926,半徑,"1.凡使用網具類漁具之漁船均不得進入禁漁區範圍內作業。
2.如需於保育區內投放或除去水產生物繁殖上所需之保護物，如人工魚礁、船礁或保護礁等人工設施，需申請本府書面同意後，始可為之。
3.以中心位置經緯度為中心，半徑0.7浬範圍以內水域均屬之。",全年,漁業法第44條第4、7款,漁業法第65條第5款及第10條,n/a,"
人工魚礁
","
多功能使用區"
台中市,台中港(二)人工魚礁區禁漁區,25,24°12'12''N;120°22'30''E,Yes,926,半徑,"1.凡使用網具類漁具之漁船均不得進入禁漁區範圍內作業。
2.如需於保育區內投放或除去水產生物繁殖上所需之保護物，如人工魚礁、船礁或保護礁等人工設施，需申請本府書面同意後，始可為之。
3.以中心位置經緯度為中心，半徑0.8浬範圍以內水域均屬之。",全年,漁業法第44條第4、7款,漁業法第65條第5款及第10條,n/a,"
人工魚礁
","
多功能使用區"
台中市,大安(一)保護礁禁漁區,26,"A點24°23'12''N;120°33'00''E。
B點24°23'42''N;120°32'12''E。
C點24°22'54''N;120°31'36''E。
D點24°22'24''N;120°32'30''E。",Yes,n/a,ABCD內,"1.凡使用網具類漁具之漁船均不得進入禁漁區範圍內作業。
2.如需於保育區內投放或除去水產生物繁殖上所需之保護物，如人工魚礁、船礁或保護礁等人工設施，需申請本府書面同意後，始可為之。
3.以A、B、C、D四點所連四方形範圍以內水域均屬之。",全年,漁業法第44條第4、7款,漁業法第65條第5款及第10條,n/a,"
人工魚礁
","
多功能使用區"
台中市,大安(二)保護礁禁漁區,27,"A點24°23'12''N;120°32'50''E。
B點24°23'36''N;120°33'24''E。
C點24°22'36''N;120°33'36''E。
D點24°22'12''N;120°33'12''E。",Yes,n/a,ABCD內,"1.凡使用網具類漁具之漁船均不得進入禁漁區範圍內作業。
2.如需於保育區內投放或除去水產生物繁殖上所需之保護物，如人工魚礁、船礁或保護礁等人工設施，需申請本府書面同意後，始可為之。
4.以A、B、C、D四點所連四方形範圍以內水域均屬之。",全年,漁業法第44條第4、7款,漁業法第65條第5款及第10條,n/a,"
人工魚礁
","
多功能使用區"
台中市,大甲保護礁禁漁區,28,"A點24°25'30''N;120°34'48''E。
B點24°25'30''N;120°34'00''E。
C點24°25'00''N;120°33'48''E。
D點24°25'00''N;120°34'30''E。",Yes,n/a,ABCD內,"1.凡使用網具類漁具之漁船均不得進入禁漁區範圍內作業。
2.如需於保育區內投放或除去水產生物繁殖上所需之保護物，如人工魚礁、船礁或保護礁等人工設施，需申請本府書面同意後，始可為之。
5.以A、B、C、D四點所連四方形範圍以內水域均屬之。",全年,漁業法第44條第4、7款,漁業法第65條第5款及第10條,n/a,"
人工魚礁
","
多功能使用區"
台中市,台中市海域,29,n/a,n/a,500,n/a,不得在距岸500公尺以內水域作業。,"6/16~
9/15",漁業法第9條、第14條、第37條、第44條第1項第4款、第46條及第54條第5款,漁業法第65條第3、7款,?鱙,n/a,"
多功能使用區"
台東縣,台東縣沿岸海域,30,n/a,n/a,22224,n/a,本縣轄區內自高潮線以深至距岸12浬以內（含綠島、蘭嶼）海域，禁止採捕珊瑚（含珊瑚礁）,全年,漁業法第44條第1款,漁業法第60條第2項,n/a,珊瑚礁,多功能使用區
台東縣,台東縣綠島鄉沿岸海域,31,n/a,n/a,5556,n/a,本縣綠島沿岸3浬海域內禁止漁船使用流刺網及三層刺網網具作業,全年,漁業法第44條第4款,漁業法第65條第5款或第10條,"刺網(三)層、
其他網具（流刺網）",n/a,多功能使用區
台東縣,台東縣綠島鄉沿岸海域,32,"柴口人工魚礁禁漁區：
N22°41'16”；E121°28'48”",Yes,926,半徑,以中心位置經緯度為中心，半徑0.5浬範圍以內，凡使用網具類漁具之漁船均不得進入作業。,全年,漁業法第44條第4、7款,漁業法第65條第5款或第10條,所有網具,人工魚礁,多功能使用區
台東縣,台東縣綠島鄉沿岸海域,33,"龜灣人工魚礁禁漁區：
N22°38'33”；E121°28'31”",Yes,926,半徑,以中心位置經緯度為中心，半徑0.5浬範圍以內，凡使用網具類漁具之漁船均不得進入作業。,全年,漁業法第44條第4、7款,漁業法第65條第5款或第10條,所有網具,人工魚礁,多功能使用區
台東縣,台東縣沿岸海域,34,n/a,n/a,1112,n/a,使用燈火之漁船（含娛樂漁船）禁止在本縣距岸6浬以內作業,全年,漁業法第44條第4款,漁業法第65條第5款,"燈火
",n/a,多功能使用區
台東縣,台東縣沿岸海域,35,"竹湖人工魚礁禁漁區：
N23°15'30”N；E121°26'00”",Yes,926,半徑,以中心位置經緯度為中心，半徑0.5浬範圍以內，凡使用網具類漁具之漁船均不得進入該禁漁區範圍內作業。,全年,漁業法第44條第4款,漁業法第65條第5款,"所有網具
",人工魚礁、保護礁,多功能使用區
台東縣,台東縣沿岸海域,36,"宜灣人工魚礁禁漁區：
N23°12'00”；E121°25'00”",Yes,926,半徑,以中心位置經緯度為中心，半徑0.5浬範圍以內，凡使用網具類漁具之漁船均不得進入該禁漁區範圍內作業。,全年,漁業法第44條第4款,漁業法第65條第5款,"所有網具
",人工魚礁、保護礁,多功能使用區
台東縣,台東縣沿岸海域,37,"小港人工魚礁禁漁區：
N23°10'00”；E121°24'30”",Yes,926,半徑,以中心位置經緯度為中心，半徑0.5浬範圍以內，凡使用網具類漁具之漁船均不得進入該禁漁區範圍內作業。,全年,漁業法第44條第4款,漁業法第65條第5款,"所有網具
",人工魚礁、保護礁,多功能使用區
台東縣,台東縣沿岸海域,38,"大武（一）保護礁禁漁區：
A點N22°18'00”；E121°54'00”
B點N22°19'48”；E121°54'24”",Yes,1000,AB線左右,以A、B兩點所連成之標示直線周圍1，000公尺範圍以內，凡使用網具類漁具之漁船均不得進入該禁漁區範圍內作業。,全年,漁業法第44條第4款,漁業法第65條第5款,"所有網具
",人工魚礁、保護礁,多功能使用區
台東縣,台東縣沿岸海域,39,"大武（二）保護礁禁漁區：
A點N22°19'48”；E120°54'24”
B點N22°21'12”；E120°54'50”",Yes,1000,AB線左右,以A、B兩點所連成之標示直線周圍1，000公尺範圍以內，凡使用網具類漁具之漁船均不得進入該禁漁區範圍內作業。,全年,漁業法第44條第4款,漁業法第65條第5款,"所有網具
",人工魚礁、保護礁,多功能使用區
台東縣,台東縣沿岸海域,40,"大武（三）保護礁禁漁區：
A點N22°20'24”；E120°56'00”
B點N22°19'00”；E120°56'00”",Yes,1000,AB線左右,以A、B兩點所連成之標示直線周圍1，000公尺範圍以內，凡使用網具類漁具之漁船均不得進入該禁漁區範圍內作業。,全年,漁業法第44條第4款,漁業法第65條第5款,"所有網具
",人工魚礁、保護礁,多功能使用區
台東縣,台東縣蘭嶼鄉沿岸海域,41,n/a,n/a,5556,n/a,"1.每年二月一日至七月三十一日，除無動力漁船筏外，禁止於蘭嶼沿岸三浬海域內（以蘭嶼本島海岸線為基線，向外海延伸三浬；以下同）採捕飛魚。另禁止十噸以上漁船於六浬海域內採捕飛魚。
2.使用扒網、焚寄網及棒受網等燈火漁業漁船禁止於蘭嶼沿岸六浬海域內作業。
3.蘭嶼沿岸十二浬海域內禁止採捕珊瑚(含珊瑚礁)。",每年2月1日至7月31日/全年,漁業法第44條第1、4款,漁業法第65條第5款或第10條,"燈火

",珊瑚礁、特定生物,多功能使用區
台東縣,台東縣成功鎮沿岸海域,42,"宜灣漁業資源保育區：
A1點N23°12'20.7”；E121°23'47.4”
A2點N23°12'19.2”；E121°23'54.1”
A3點N23°11'22.9”；E121°23'51.2”
A4點N23°11'23.9”；E121°23'58.1”",Yes,200,AB以南，CD以北,本縣成功鎮宜灣(A1)起至重安(A3)間，由A1至A2連線以南，A3至A4連線以北，自低潮線向外海延伸二ＯＯ公尺沿岸水域，海岸線長約三公里，全年禁止採捕龍蝦、九孔。,全年,漁業法第44條第4、9款及第45條,漁業法第65條第5款,n/a,特定生物、漁業資源保育區,多功能使用區
台東縣,台東縣成功鎮沿岸海域,43,"小港漁業資源保育區：
B1點N23°10'11.9”；E121°24'16.2”
B2點N23°10'15.2”；E121°24'22.3”
B3點N23°09'30.6”；E121°24'18”
B4點N2309，27.4”；E12124，24”",Yes,200,AB以南，CD以北,本縣成功鎮玉水橋(B1)至小港(B3)，由B1至B2連線以南，B3至B4連線以北，自低潮線向外海延伸二ＯＯ公尺沿岸水域，海岸線長約二.五公里，全年禁止採捕龍蝦、九孔。,全年,漁業法第44條第4、9款及第45條,漁業法第65條第5款,n/a,特定生物、漁業資源保育區,多功能使用區
台東縣,台東縣成功鎮沿岸海域,44,"小馬漁業資源保育區：
C1點Ｎ23°01'12.6”；Ｅ121°20'10.3”
C2點Ｎ23°01'14.1”；Ｅ121°20'17.1”
C3點Ｎ22°59'58.6”；Ｅ121°19'16.3”
C4點Ｎ22°59'58”；Ｅ12119，23.4”",Yes,200,AB以南，CD以北,本縣成功鎮都歷(C1)起至小馬(C3)間，由C1至C2連線以南，C3至C4連線以北，自低潮線向外海延伸二ＯＯ公尺沿岸水域，海岸線長約五公里，全年禁止採捕龍蝦、九孔。,全年,漁業法第44條第4、9款及第45條,漁業法第65條第5款,n/a,特定生物、漁業資源保育區,多功能使用區
台東縣,柴口浮潛區潛水步道西約400公尺(A1)起至柴口浮潛區潛水步道東約100公尺(A3)間，由A1至A2連線以東，A3至A4連線以西，自平均高潮線向外海延伸至相對於平均低潮線向外海延伸約100公尺沿岸水域,45,"柴口分區：
A1：N22°40'30.3”；E121°28'44.0”
A2：N22°40'37.1”；E121°28'45.7”
A3：N22°40'38.2”；E121°29'01.0”
A4：N22°40'44.0”；E121°28'56.1”",Yes,n/a,ABCD內,"1.保育對象：各類水產動植物。
2.於本保育區內禁止使用任何方式採捕或危害保育對象，基於學術研究目的或其他必要事項，經本府許可者，不在此限。
3.於本保育區內禁止攜帶水肺採捕各分區之非保育對象。
4.於本保育區內從事各項觀光、遊憩、漁撈活動或進行開發等，不得有破壞海洋生物棲地環境之行為。",全年,漁業法第44條第4、7、9款及第45條,漁業法第65條第5款或第10條,所有漁具漁法,特定生物、漁業資源保育區,多功能使用區、完全禁漁區
台東縣,南寮漁港-南方防波堤(B1)起至石朗浮潛區潛水步道-南約300公尺(B8)間，由B1至B8連線所圍之海域。B4至B5連線距離平均高潮線約290公尺,46,"石朗分區：
B1：N22°39'33.2”；E121°28'27.4”
B2：N22°39'33.1”；E121°28'24.2”
B3：N22°39'28.4”；E121°28'24.2”
B4：N22°39'26.8”；E121°28'18.2”
B5：N22°39'23.8”；E121°28'18.2”
B6：N22°39'22.2”；E121°28'22.3”
B7：N22°39'08.2”；E121°28'22.3”
B8：N22°39'07.9”；E121°28'28.1”",Yes,300,A至H線,"1.保育對象：各類水產動植物。
2.於本保育區內禁止使用任何方式採捕或危害保育對象，基於學術研究目的或其他必要事項，經本府許可者，不在此限。
3.於本保育區內禁止攜帶水肺採捕各分區之非保育對象。
4.於本保育區內從事各項觀光、遊憩、漁撈活動或進行開發等，不得有破壞海洋生物棲地環境之行為。",全年,漁業法第44條第4、7、9款及第45條,漁業法第65條第5款或第10條,所有漁具漁法,特定生物、漁業資源保育區,多功能使用區、完全禁漁區
台東縣,大哥隧道-北向入口(C1)起至大白沙潛水步道(C3)間，由C1至C2連線以南，C3至C4連線以北，自平均高潮線向外海延伸至相對於平均低潮線向外海延伸約500公尺沿岸水域,47,"龜灣分區：
C1：N22°38'33.5”；E121°29'17.8”
C2：N22°38'18.9”；E121°29'06.2”
C3：N22°38'21.5”；E121°29'34.8”
C4：N22°38'13.7”；E121°29'16.2”",Yes,n/a,AB以南，CD以北,"1.保育對象：燕魚、硨磲貝、體長未滿20公分之龍蝦及殼長未滿5公分之九孔。
2.於本保育區內禁止使用任何方式採捕或危害保育對象，基於學術研究目的或其他必要事項，經本府許可者，不在此限。
3.於本保育區內禁止攜帶水肺採捕各分區之非保育對象。
4.於本保育區內從事各項觀光、遊憩、漁撈活動或進行開發等，不得有破壞海洋生物棲地環境之行為。",全年,漁業法第44條第4、7、9款及第45條,漁業法第65條第5款或第10條,所有漁具漁法,特定生物、漁業資源保育區,多功能使用區、完全禁漁區
台東縣,本縣綠島全島沿岸潮間帶及自平均低潮線向外海延伸200公尺扣除柴口、石朗及龜灣分區之沿岸水域,48,n/a,n/a,200,n/a,"1.於本保育區內禁止使用任何方式採捕或危害保育對象，基於學術研究目的或其他必要事項，經本府許可者，不在此限。
2.於本保育區內禁止攜帶水肺採捕各分區之非保育對象。
3.於本保育區內從事各項觀光、遊憩、漁撈活動或進行開發等，不得有破壞海洋生物棲地環境之行為。",全年,漁業法第44條第4、7、9款及第45條,漁業法第65條第5款或第10條,所有漁具漁法,特定生物、漁業資源保育區,多功能使用區、完全禁漁區
台東縣,北起A點南至E點之沿岸平均高潮線向外海延伸約500公尺，與B、D、F三點所圍成之海域；另以C、D點為分界，北為永續使用區，南為核心區,49,"A點N22°50'46.6”；E121°11'20.9”
B點N22°50'45.6”；E121°11'38.5”
C點N22°50'18.9”；E121°11'18.5”
D點N22°50'17.1”；E121°11'36.0”
E點N22°50'02.8”；E121°11'08.4”
F點N22°49'58.4”；E121°11'25.5”",Yes,n/a,n/a,"1.於本保育區內從事各項觀光、遊憩等活動，不得有以石塊擲魚、捉魚離水或其他危害海洋生物之行為，亦不得有將廢棄物拋入海中、騎乘水上摩托車或其他破壞海洋生物棲地環境之行為。
2.於本保育區內餵食海洋生物應遵照管理單位、志工或本府認證合格之解說人員之管制，不得任意為之。
3.核心區除為試驗研究目的，並經本府許可外，不得以任何方式採捕各類水產動植物。
4.永續使用區除為試驗研究目的及其他必要事項，並經本府許可外，不得以任何方式採捕各類水產動植物。",全年,漁業法第44條第1項第4、9款及第45條,漁業法第65條第6款,所有漁具漁法,漁業資源保育區,完全禁漁區
台南市,安平(一)人工魚礁禁漁區,50,22°55'00''N;120°06'52''E,Yes,1000,半徑,"1.凡使用網具類漁具之漁船均不得進入禁漁區範圍內作業。
2.如須於禁漁區內投放或除去水產動植物繁殖上所需之保護物，如人工魚礁、船礁或保護礁等人工設施，需經本府書面同意後，始可為之。
3.以中心位置經緯度為中心，半徑1000公尺範圍以內水域均屬之。",全年,"漁業法第44條
第4、7款","漁業法第65條
第1項第5款及第10條",n/a,人工魚礁,多功能使用區
台南市,安平(二)人工魚礁禁漁區,51,22°55'00''N;120°05'24''E,Yes,1000,半徑,"1.凡使用網具類漁具之漁船均不得進入禁漁區範圍內作業。
2.如須於禁漁區內投放或除去水產動植物繁殖上所需之保護物，如人工魚礁、船礁或保護礁等人工設施，需經本府書面同意後，始可為之。
3.以中心位置經緯度為中心，半徑1000公尺範圍以內水域均屬之。",全年,"漁業法第44條
第4、7款","漁業法第65條
第1項第5款及第10條",n/a,人工魚礁,多功能使用區
台南市,安平(三)人工魚礁禁漁區,52,22°54'00''N;120°06'30''E,Yes,1000,半徑,"1.凡使用網具類漁具之漁船均不得進入禁漁區範圍內作業。
2.如須於禁漁區內投放或除去水產動植物繁殖上所需之保護物，如人工魚礁、船礁或保護礁等人工設施，需經本府書面同意後，始可為之。
3.以中心位置經緯度為中心，半徑1000公尺範圍以內水域均屬之。",全年,"漁業法第44條
第4、7款","漁業法第65條
第1項第5款及第10條",n/a,人工魚礁,多功能使用區
台南市,安平(五)人工魚礁禁漁區,53,22°56'54''N;120°03'54''E,Yes,1000,半徑,"1.凡使用網具類漁具之漁船均不得進入禁漁區範圍內作業。
2.如須於禁漁區內投放或除去水產動植物繁殖上所需之保護物，如人工魚礁、船礁或保護礁等人工設施，需經本府書面同意後，始可為之。
3.以中心位置經緯度為中心，半徑1000公尺範圍以內水域均屬之。",全年,"漁業法第44條
第4、7款","漁業法第65條
第1項第5款及第10條",n/a,人工魚礁,多功能使用區
台南市,喜樹保護礁禁漁區,54,"A點22°56'00''N;120°07'00''E。
B點22°56'24''N;120°09'24''E。",Yes,500,AB線左右,"1.凡使用網具類漁具之漁船均不得進入禁漁區範圍內作業。
2.如須於禁漁區內投放或除去水產動植物繁殖上所需之保護物，如人工魚礁、船礁或保護礁等人工設施，需經本府書面同意後，始可為之。
3.以A、B兩點所連成標示直線周圍500公尺以內水域均屬之。",全年,"漁業法第44條
第4、7款","漁業法第65條
第1項第5款及第10條",n/a,保護礁,多功能使用區
台南市,鹽水溪口保護礁禁漁區,55,"A點22°58'48''N;120°05'24''E。
B點22°59'48''N;120°07'12''E。",Yes,500,AB線左右,"1.凡使用網具類漁具之漁船均不得進入禁漁區範圍內作業。
2.如須於禁漁區內投放或除去水產動植物繁殖上所需之保護物，如人工魚礁、船礁或保護礁等人工設施，需經本府書面同意後，始可為之。
3.以A、B兩點所連成標示直線周圍500公尺以內水域均屬之。",全年,"漁業法第44條
第4、7款","漁業法第65條
第1項第5款及第10條",n/a,保護礁,多功能使用區
台南市,鹿耳門溪口保護礁禁漁區,56,"A點22°59'48''N;120°04'36''E。
B點23°00'36''N;120°06'12''E。",Yes,500,AB線左右,"1.凡使用網具類漁具之漁船均不得進入禁漁區範圍內作業。
2.如須於禁漁區內投放或除去水產動植物繁殖上所需之保護物，如人工魚礁、船礁或保護礁等人工設施，需經本府書面同意後，始可為之。
3.以A、B兩點所連成標示直線周圍500公尺以內水域均屬之。",全年,"漁業法第44條
第4、7款","漁業法第65條
第1項第5款及第10條",n/a,保護礁,多功能使用區
台南市,灣裡保護礁禁漁區,57,"A點22°55'00''N;120°07'24''E。
B點22°55'00''N;120°09'24''E。",Yes,500,AB線左右,"1.凡使用網具類漁具之漁船均不得進入禁漁區範圍內作業。
2.如須於禁漁區內投放或除去水產動植物繁殖上所需之保護物，如人工魚礁、船礁或保護礁等人工設施，需經本府書面同意後，始可為之。
3.以A、B兩點所連成標示直線周圍500公尺以內水域均屬之。",全年,"漁業法第44條
第4、7款","漁業法第65條
第1項第5款及第10條",n/a,保護礁,多功能使用區
台南市,曾文溪口保護礁禁漁區,58,"A點23°01'00''N;120°02'12''E。
B點23°02'30''N;120°03'48''E。",Yes,500,AB線左右,"1.凡使用網具類漁具之漁船均不得進入禁漁區範圍內作業。
2.如須於禁漁區內投放或除去水產動植物繁殖上所需之保護物，如人工魚礁、船礁或保護礁等人工設施，需經本府書面同意後，始可為之。
3.以A、B兩點所連成標示直線周圍500公尺以內水域均屬之。",全年,"漁業法第44條
第4、7款","漁業法第65條
第1項第5款及第10條",n/a,保護礁,多功能使用區
台南市,安平保護礁禁漁區,59,"A點22°57'36''N;120°05'48''E。
B點23°00'48''N;120°01'48''E。",Yes,500,AB線左右,"1.凡使用網具類漁具之漁船均不得進入禁漁區範圍內作業。
2.如須於禁漁區內投放或除去水產動植物繁殖上所需之保護物，如人工魚礁、船礁或保護礁等人工設施，需經本府書面同意後，始可為之。
3.以A、B兩點所連成標示直線周圍500公尺以內水域均屬之。",全年,"漁業法第44條
第4、7款","漁業法第65條
第1項第5款及第10條",n/a,保護礁,多功能使用區
台南市,台南市所轄海域,60,台南市所轄海域,n/a,5556,n/a,自公告日起禁止?鱙漁業漁船進入本市3浬內海域作業,全年,"漁業法第44條
第4款","漁業法第65條
第1項第5款",?鱙,n/a,多功能使用區
台南市,台南市所轄海域,61,台南市3浬內海域,n/a,5556,n/a,"1.每年11月至翌年2月得以叉手網網具採補鰻苗。
2.自公告日起禁止叉手網漁業漁船進入本市3浬內海域作業。",3/1~10/31,"漁業法第44條
第4款","漁業法第65條
第1項第5款",其他網具（叉手網）,n/a,多功能使用區
台南市,台南市沿近海海域,62,台南市6浬內海域,n/a,11112,n/a,自公告日起禁止燈火漁業（焚寄網、棒受網及扒網）漁船進入本市6浬內海域作業,全年,"漁業法第44條
第4款","漁業法第65條
第1項第5款",燈火漁業,n/a,多功能使用區
台南市,"1.「二仁溪二層行橋至出海口」水域。
2.「鹽水溪太平橋至鹽水溪橋」水域。",63,禁止於「二仁溪二層行橋至出海口」及「鹽水溪太平橋至鹽水溪橋」使用流刺網及投網,n/a,n/a,n/a,「二仁溪二層行橋至出海口」及「鹽水溪太平橋至鹽水溪橋」水域禁止使用網具採捕魚類,全年,"漁業法第44條
第9款","漁業法第65條
第1項第5款",刺網（流刺網及投網）,n/a,多功能使用區
台南市,台南市所轄海域,64,台南市所轄海域,n/a,2778,n/a,"1.每年10月1日至翌年6月30日期間，禁止未滿5噸籠具漁船於本市距岸1.5浬內海域作業。
2.全年禁止5噸以上籠具漁船於本市距岸3浬內作業。","1.每年10月至翌年6月30日。
2.全年。","漁業法第54條
第5款","漁業法第65條
第8款",籠具,n/a,多功能使用區
宜蘭縣,竹安魚礁禁漁區,1,自頭城鎮竹安橋以南(24°50.6'N;121°49.6'E)至大隱海水抽水站以北(24°48.2'N;121°48.8'E)成一直線左右各100公尺範圍內之海域(距岸500公尺),Yes,100,AB線左右,凡使用網具類漁具之漁船均不得進入魚礁區內作業。,全年,漁業法第44條,n/a,所有網具,人工魚礁,多功能使用區
宜蘭縣,蘭陽保護礁區,2,自礁溪大塭海水抽水站以南(24°48.2'N;121°48.8'E)至北方澳(24°37'N;121°51.82'E)成一直線左右各100公尺範圍內之海域(距岸400-600公尺),Yes,100,AB線左右,凡使用網具類漁具之漁船均禁止進入礁區內作業。,全年,漁業法第44條,n/a,所有網具,保護礁,多功能使用區
宜蘭縣,蘇澳漁業資源保育區,3,n/a,n/a,200,低潮線向外海,蘇澳鎮港邊里澳仔角附近，自低潮線向外海延伸200公尺沿岸海域，海岸線長約2公里。保護對象：九孔、紫菜、龍蝦、石花菜及其他貝類。,全年,漁業法第44條,n/a,所有漁具漁法,特定生物(九孔、龍蝦、紫菜、石花菜及其他貝藻類),完全禁漁區
宜蘭縣,頭城漁業資源保育區,4,n/a,n/a,200,低潮線向外海,頭城鎮外澳里至石城里間，自低潮線向外海延伸200公尺沿岸海域，海岸線長約16公里。保護對象：九孔、紫菜、龍蝦、石花菜及其他貝類。,全年,漁業法第44條,n/a,所有漁具漁法,特定生物(九孔、龍蝦、紫菜、石花菜及其他貝藻類)；漁業資源保育區,完全禁漁區
宜蘭縣,宜蘭縣轄區自高潮線以深至12浬(包含龜山島)海域以內,5,n/a,n/a,22224,高潮線以深至12浬,除經政府核准領有珊瑚漁業執照漁船採捕深海珊瑚、桃紅色珊瑚、粉紅色珊瑚、白色珊瑚、黑色珊瑚或試驗研究目的外，不得以任何方式於禁漁區內採捕珊瑚、珊瑚礁。,全年,漁業法第44條第4、9款,漁業法第65條第5款,所有漁具漁法,珊瑚礁,多功能使用區
宜蘭縣,南澳人工魚礁禁漁區,6,24°25'30''N;121°47'36''E;以中心位置經緯度為中心，半徑0.5浬範圍以內水域均屬之。,Yes,926,半徑,"1.凡使用網具類漁具之漁船均不得進入禁漁區範圍內作業。
2.如需於保育區內投放或除去水產生物繁殖上所需之保護物，如人工魚礁、船礁或保護礁等人工設施，需申請本府書面同意後，始可為之。",全年,漁業法第44條第4、7款,漁業法第65條第5款及第10條,所有網具,人工魚礁；保護礁,多功能使用區
宜蘭縣,漢本人工魚礁禁漁區,7,"24°21'36''N;121°46'36''E;
以中心位置經緯度為中心，半徑0.5浬範圍以內水域均屬之。",Yes,926,半徑,"1.凡使用網具類漁具之漁船均不得進入禁漁區範圍內作業。
2.如需於保育區內投放或除去水產生物繁殖上所需之保護物，如人工魚礁、船礁或保護礁等人工設施，需申請本府書面同意後，始可為之。",全年,漁業法第44條第4、7款,漁業法第65條第5款及第10條,所有網具,人工魚礁,多功能使用區
宜蘭縣,大里人工魚礁禁漁區,8,24°57'06''N;121°54'48''E;以中心位置經緯度為中心，半徑0.5浬範圍以內水域均屬之。,Yes,926,半徑,"1.凡使用網具類漁具之漁船均不得進入禁漁區範圍內作業。
2.如需於保育區內投放或除去水產生物繁殖上所需之保護物，如人工魚礁、船礁或保護礁等人工設施，需申請本府書面同意後，始可為之。",全年,漁業法第44條第4、7款,漁業法第65條第5款及第10條,所有網具,人工魚礁；保護礁,多功能使用區
宜蘭縣,東澳保護魚礁禁漁區,9,"A點24°30'16''N;121°51'39''E;
B點24°29'08''N;121°51'5''E;以A、B兩點所連成之標示直線周圍1000公尺以內之水域均屬之。",Yes,1000,AB線左右,"1.凡使用網具類漁具之漁船均不得進入禁漁區範圍內作業。
2.如需於保育區內投放或除去水產生物繁殖上所需之保護物，如人工魚礁、船礁或保護礁等人工設施，需申請本府書面同意後，始可為之。",全年,漁業法第44條第4、7款,漁業法第65條第5款及第10條,所有網具,人工魚礁；保護礁,多功能使用區
宜蘭縣,宜蘭保護魚礁禁漁區,10,"A點頭城鎮石城里縣界。
B點南澳鄉和平溪。以A、B兩點沿海岸線向外海延伸6000公尺處以內之水域範圍均屬之。",Yes,6000,AB線向外,"1.凡使用網具類漁具之漁船均不得進入禁漁區範圍內作業。
2.如需於保育區內投放或除去水產生物繁殖上所需之保護物，如人工魚礁、船礁或保護礁等人工設施，需申請本府書面同意後，始可為之。",全年,漁業法第44條第4、7款,漁業法第65條第5款及第10條,所有網具,人工魚礁；保護礁,多功能使用區
宜蘭縣,石城人工魚礁禁漁區,11,"24°57.466'N;121°56.548'E
以中心位置經緯度為中心，半徑1000公尺範圍以內水域均屬之。",Yes,1000,半徑,"1.凡使用網具類漁具之漁船均不得進入禁漁區範圍內作業。
2.如需於保育區內投放或除去水產生物繁殖上所需之保護物，如人工魚礁、船礁或保護礁等人工設施，需申請本府書面同意後，始可為之。",全年,漁業法第44條第4、7款,漁業法第65條第5款及第10條,所有網具,人工魚礁,多功能使用區
宜蘭縣,石城海洋牧場禁漁區,12,"A點24°59'N;121°57.4'E;
B點24°57.2'N;121°55.7'E;頭城鎮石城縣界至大理蕃薯寮橋間海域A、B兩點連成一直線以西至海岸高潮帶水域均屬之。",24°59',n/a,AB線向外,1.除原經主管機關核准在海洋牧場區內經營定置漁業者得繼續經營外，非經主管機關同意之網具類船、筏及人員一律不得進入海洋牧場禁漁區內作業。2.如需於禁漁區內投放或除去水產生物繁殖上所需之保護物，如人工魚礁、船礁或保護礁等人工設施需經管理單位書面同意後，始可為之。,全年,漁業法第44條第4、7款,漁業法第65條第5款及第10條,所有網具,海洋牧場,多功能使用區
宜蘭縣,東澳海洋牧場禁漁區,13,"A點24°31.4'N;121°51.1'E;
B點24°30'N;121°50.8'E;蘇澳鎮東澳海域以A、B兩點所連成直線以西至海岸高潮帶水域均屬之。",Yes,n/a,AB線向外至海岸高潮帶水域均屬之。,1.除原經主管機關核准在海洋牧場區內經營定置漁業者得繼續經營外，非經主管機關同意之網具類船、筏及人員一律不得進入海洋牧場禁漁區內作業。2.如需於禁漁區內投放或除去水產生物繁殖上所需之保護物，如人工魚礁、船礁或保護礁等人工設施需經管理單位書面同意後，始可為之。,全年,漁業法第44條第4、7款,漁業法第65條第5款及第10條,所有網具,海洋牧場,多功能使用區
宜蘭縣,距岸三浬內,14,n/a,n/a,5556,n/a,1.使用燈火之漁船(含娛樂漁船)禁止在本縣距岸(不含龜山島)三浬以內作業。2.本縣距岸三浬以上十二浬以內海域，使用集漁燈燈光強度上限為水下燈燈光強度50千瓦及水上燈燈光強度50千瓦。,全年,漁業法第44條第4款,漁業法第65條第1項第5款,燈火,n/a,多功能使用區
宜蘭縣,東澳人工魚礁禁漁區,15,"N24°30.300'，E121°51.200'
以中心位置經緯度為中心，半徑0.5浬範圍以內水域均屬之。",Yes,926,半徑,"1.凡使用網具類漁具之漁船均不得進入禁漁區範圍內作業。
2.如需於保育區內投放或除去水產生物繁殖上所需之保護物，如人工魚礁、船礁或保護礁等人工設施，需申請本府書面同意後，始可為之。",全年,漁業法第44條第4、7款,漁業法第65條第5款及第10條,所有網具,人工魚礁；保護礁,多功能使用區
宜蘭縣,宜蘭縣水域,16,n/a,n/a,500,n/a,不得在距岸500公尺以內水域作業。,05/15-08/14,漁業法第9條、第14條、第37條、第44條第4款、第46條及第54條第5款,漁業法第10條及第65條第3、7款,?鱙,n/a,多功能使用區
宜蘭縣,600公尺、12浬內,17,n/a,n/a,600,n/a,"1.本縣行政轄區距岸600公尺海域範圍內，禁止使用刺網(含單層)採捕水產動植物。
2.本縣行政轄區海域禁止使用底刺網作業，並禁止攜帶底刺網具進出本縣各漁港。",全年,漁業法第44條第1項第4款及第9款,漁業法第10條及第65條第6款,網具類(刺網),n/a,多功能使用區
宜蘭縣,宜蘭縣海域_A,18,"A1:N24°54.00'，E121°59.00';A2:N24°54.00'，E122°02.00';A3:N24°49.00'，E122°02.00';A4:N24°49.00'，E121°59.00'
",Yes,n/a,ABCD內,"1.櫻花蝦漁船需經申請核准始得為之，總數以80艘為限、漁船需配備網位儀。
2.漁獲需於宜蘭縣大溪、梗枋、烏石及南方澳港卸貨公開拍賣。
3.漁獲混或超過15%應停止作業；禁漁期混獲櫻花蝦超過15%不得攜回及持有；非核准營業漁船漁季期間混獲超過10%不得攜回及持有。
4.應成立櫻花蝦產銷班。
5.作業應填繳卸魚聲明及漁撈日誌。
6.TAC為800噸，總漁獲量達TAC之90%由宜蘭縣政府公告第7日停止作業。",8/1-翌年1/31,漁業法第37條、第44條第4款及第54條第5款,漁業法第10條、第65條第1、3、6、7、8款、第68條,櫻花蝦,n/a,多功能使用區
宜蘭縣,宜蘭縣海域_B,19,B1:N24°49.00'，E121°54.00'、B2:N24°49.00'，E122°05.00'、B3:N24°45.00'，E122°05.00'、B4:N24°45.00'，E121°54.00',Yes,n/a,ABCD內,"1.櫻花蝦漁船需經申請核准始得為之，總數以80艘為限、漁船需配備網位儀。
2.漁獲需於宜蘭縣大溪、梗枋、烏石及南方澳港卸貨公開拍賣。
3.漁獲混或超過15%應停止作業；禁漁期混獲櫻花蝦超過15%不得攜回及持有；非核准營業漁船漁季期間混獲超過10%不得攜回及持有。
4.應成立櫻花蝦產銷班。
5.作業應填繳卸魚聲明及漁撈日誌。
6.TAC為800噸，總漁獲量達TAC之90%由宜蘭縣政府公告第7日停止作業。",8/1-翌年1/31,漁業法第37條、第44條第4款及第54條第5款,漁業法第10條、第65條第1、3、6、7、8款、第68條,櫻花蝦,n/a,多功能使用區
宜蘭縣,宜蘭縣海域_C,20,C1:N24°54.00'，E121°54.00'、C2:N24°52.00'，E121°54.00'、C1:N24°52.00'，E121°59.00'、A1:N24°54.00'，E121°59.00',Yes,n/a,ABCD內,"1.櫻花蝦漁船需經申請核准始得為之，總數以80艘為限、漁船需配備網位儀。
2.漁獲需於宜蘭縣大溪、梗枋、烏石及南方澳港卸貨公開拍賣。
3.漁獲混或超過15%應停止作業；禁漁期混獲櫻花蝦超過15%不得攜回及持有；非核准營業漁船漁季期間混獲超過10%不得攜回及持有。
4.應成立櫻花蝦產銷班。
5.作業應填繳卸魚聲明及漁撈日誌。
6.TAC為800噸，總漁獲量達TAC之90%由宜蘭縣政府公告第7日停止作業。",8/1-翌年1/31,漁業法第37條、第44條第4款及第54條第5款,漁業法第10條、第65條第1、3、6、7、8款、第68條,櫻花蝦,n/a,多功能使用區
宜蘭縣,宜蘭縣,21,n/a,n/a,n/a,n/a,自公告日起不受理他縣市籍漁業執照經營刺網漁業漁船(筏)轉籍至本縣之申請，若經由原主管機關變更漁業執照之經營漁業種類為非刺網漁業後，始得辦理轉入本縣之申請,全年,漁業法44條第1項第9款,n/a,網具類(刺網),n/a,多功能使用區
花蓮縣,花蓮縣海域,65,"崇德人工魚礁禁漁區：24°11'49""N；121°39'33""E",Yes,926,半徑,以中心位置經緯度為中心，半徑0.5浬範圍以內水域均屬之。,全年,漁業法第44條第4、7款,漁業法第65條第5款或第10條,所有網具,人工魚礁,多功能使用區
花蓮縣,花蓮縣海域,66,"順安人工魚礁禁漁區：24°05'30""N；121°37'10""E",Yes,926,半徑,以中心位置經緯度為中心，半徑0.5浬範圍以內水域均屬之。,全年,漁業法第44條第4、7款,漁業法第65條第5款或第10條,所有網具,人工魚礁,多功能使用區
花蓮縣,花蓮縣海域,67,"龜奄人工魚礁禁漁區：23°40'00""N；121°33'00""E",Yes,926,半徑,以中心位置經緯度為中心，半徑0.5浬範圍以內水域均屬之。,全年,漁業法第44條第4、7款,漁業法第65條第5款或第10條,所有網具,人工魚礁,多功能使用區
花蓮縣,花蓮縣海域,68,"石梯坪人工魚礁禁漁區：23°29'18""'N；121°30'18""E",Yes,926,半徑,以中心位置經緯度為中心，半徑0.5浬範圍以內水域均屬之。,全年,漁業法第44條第4、7款,漁業法第65條第5款或第10條,所有網具,人工魚礁,多功能使用區
花蓮縣,花蓮縣海域,69,"磯崎保護礁禁漁區：A點：23°43'30""N；121°33'30""EB點：23°44'00""N；121°33'48""E",Yes,1000,AB線左右,以A、B兩點所連成標示直線周圍1000公尺以內水域均屬之。,全年,漁業法第44條第4、7款,漁業法第65條第5款或第10條,所有網具,人工魚礁,多功能使用區
花蓮縣,花蓮縣海域距岸6浬內,70,n/a,n/a,11112,n/a,禁止五千瓦以上燈火漁業進入本縣六浬內海域作業。,全年,漁業法第44條第4款,漁業法第65條第5款或第10條,燈火,n/a,多功能使用區
花蓮縣,花蓮縣奇萊鼻海域,71,"奇萊鼻軍艦礁禁漁區:24°00'36""N;121°39'26""E",Yes,926,半徑,以中心位置經緯度為中心，半徑0.5浬範圍以內水域均屬之,全年,漁業法第44條第4、7款,漁業法第65條第5款及第10條,所有網具,人工魚礁,多功能使用區
花蓮縣,花蓮縣鹽寮海域,72,"鹽寮人工魚礁禁漁區:23°50'00""N;121°36'00""E",Yes,926,半徑,以中心位置經緯度為中心，半徑0.5浬範圍以內水域均屬之。,全年,漁業法第44條第4、7款,漁業法第65條第5款或第10條,所有網具,人工魚礁,多功能使用區
花蓮縣,花蓮縣海域,73,「洄瀾1」中層人工浮魚礁:23°59.16'N;121°41.58'E,Yes,900,半徑,以中心位置經緯度為中心，半徑900公尺之範圍海域。水深40公尺。,全年,漁業法第44條第4、7款,漁業法第65條第5款或第10條,所有網具,人工魚礁,多功能使用區
花蓮縣,花蓮縣海域,74,「洄瀾2」中層人工浮魚礁:24°11.76'N;121°41.46'E,Yes,900,半徑,以中心位置經緯度為中心，半徑900公尺之範圍海域。水深40公尺。,全年,漁業法第44條第4、7款,漁業法第65條第5款或第10條,所有網具,人工魚礁,多功能使用區
花蓮縣,花蓮縣海域距岸500公尺以內,75,n/a,n/a,500,n/a,本縣所轄海域內不得在距岸500公尺以內水域作業。,06/01~08/31,漁業法第9條、第14條、第37條、第44條第4款、第46條及第54條第5款,漁業法第65條第3款或第7款,?鱙,n/a,多功能使用區
花蓮縣,花蓮縣海域,76,"鹽寮漁業資源保育區:A1:23°53'07.5""N;121°36'12.5""E。A2:23°53'07.5""N;121°36'19.6""E。A3:23°51'36.9""N;121°35'51.8""E。A4:23°51'36.9""N;121°35'58.9""E。",Yes,200,AB以南，CD以北,自本縣壽豐鄉鹽寮村台11線福德橋(A1)起至鹽寮橋(A3)止，由A1至A2連線以南，A3至A4連線以北，由低潮線向外海延伸200公尺之海域。全年禁止採捕龍蝦、九孔。,全年,漁業法第44條第4、9款及第45條,漁業法第65條第5款,n/a,漁業資源保育區,多功能使用區
花蓮縣,花蓮縣海域,77,"水璉漁業資源保育區:B1:23°43'29.4""N;121°33'23.6""E。B2:23°43'29.4""N;121°33'30.7""E。B3:23°43'00.6""N;121°32'57.9""E。B4:23°43'00.6""N;121°33'04.9""E。",Yes,200,AB以南，CD以北,自本縣壽豐鄉鹽寮村台11線水璉鼻(B1)起至20號橋(B3)止，由B1至B2連線以南，B3至B4連線以北，由低潮線向外海延伸200公尺之海域。全年禁止採捕龍蝦、九孔。,全年,漁業法第44條第4、9款及第45條,漁業法第65條第5款,n/a,漁業資源保育區,多功能使用區
花蓮縣,花蓮縣海域,78,"高山漁業資源保育區:C1:23°41'03.5""N;121°32'52.7""E。C2:23°41'03.5""N;121°32'59.8""E。C3:23°40'23.9""N;121°32'47.3""E。C4:23°40'23.9""N;121°32'54.3""E。",Yes,200,AB以南，CD以北,自本縣豐濱鄉磯崎村高山站牌(C1)起至新崎橋(C3)止，由C1至C2連線以南，C3至C4連線以北，由低潮線向外海延伸200公尺之海域。全年禁止採捕龍蝦、九孔。,全年,漁業法第44條第4、9款及第45條,漁業法第65條第5款,n/a,漁業資源保育區,多功能使用區
花蓮縣,花蓮縣海域,79,"小湖漁業資源保育區:D1:23°38'59.6""N;121°32'10.8""E。D2:23°38'59.6""N;121°32'17.8""E。D3:23°38'06.8""N;121°31'57.8""E。D4:23°38'06.8""N;121°32'04.9""E。",Yes,200,AB以南，CD以北,自本縣豐濱鄉新社村標示牌(D1)起沿台11線向南2公里(D3)止，由D1至D2連線以南，D3至D4連線以北，由低潮線向外海延伸200公尺之海域。全年禁止採捕龍蝦、九孔。,全年,漁業法第44條第4、9款及第45條,漁業法第65條第5款,n/a,漁業資源保育區,多功能使用區
花蓮縣,花蓮縣海域,80,"豐濱漁業資源保育區:E1:23°32'58.4""N;121°30'37.0""E。E2:23°32'58.4""N;121°30'44.1""E。E3:23°29'02.3""N;121°30'44.3""E。E4:23°29'02.3""N;121°30'51.4""E。",Yes,200,AB以南，CD以北,自本縣豐濱鄉台11線57K路標標示牌(E1)起至65K路標(E3)止，由E1至E2連線以南，E3至E4連線以北，由低潮線向外海延伸200公尺之海域。全年禁止採捕龍蝦、九孔。,全年,漁業法第44條第4、9款及第45條,漁業法第65條第5款,n/a,漁業資源保育區,多功能使用區
花蓮縣,花蓮縣海域,81,"石梯坪漁業資源保育區:F1:23°28'50.0""N;121°30'33.8""E。F2:23°28'50.0""N;121°30'40.9""E。F3:23°28'10.7""N;121°30'16.0""E。F4:23°28'10.7""N;121°30'23.1""E。",Yes,200,AB以南，CD以北,自本縣豐濱鄉港口村石梯坪標示牌(F1)起至向南延伸1.5公里(F3)止，由F1至F2連線以南，F3至F4連線以北，由低潮線向外海延伸200公尺之海域。全年禁止採捕龍蝦、九孔。,全年,漁業法第44條第4、9款及第45條,漁業法第65條第5款,n/a,漁業資源保育區,多功能使用區
金門縣,母嶼東南海域人工魚礁禁漁區,82,24°23.36'N;118°28.51'E以中心位置經緯度為中心，半徑500公尺範圍以內水域均屬之,Yes,500,半徑,"1.凡使用網具類漁具之漁船均不得進入禁漁區範圍內作業。
2.如需於保育區內投放或除去水產生物繁殖上所需之保護物，如人工魚礁、船礁或保護礁等人工設施，需申請本府書面同意後，始可為之。",全年,漁業法第44條第4、7款,漁業法第65條第5款或第10條,n/a,"人工魚礁
",多功能使用區
金門縣,金門古寧頭西北海域潮間帶鱟保育區,83,"A點:24°28'14.9""N;118°17'19.5""EB點:24°28'44.4""N;118°19'38.8""EC點:24°29'49.4""N;118°19'38.8""ED點:24°29'19.9""N;118°17'19.5""E",Yes,n/a,ABCD內,凡於公告保育範圍及保育期間內，不得以任何方式採捕保育之鱟，或從事破壞其棲息地環境之行為。如需於保育區內投放或除去水產生物繁殖上所需之保護物或進行學術之研究，須經本府書面同意後始可為之。,"99/1/1~
103/12/31",漁業法第45條及第44條第4、7款,漁業法第65條第5款及第8款,n/a,"人工魚礁
",多功能使用區
屏東縣,屏東縣海域,84,n/a,n/a,1852,n/a,不得在距岸1浬內以內水域作業。,每年1月1日至3月31日,漁業法第37條、第44條及第54條,漁業法第10條、第65條第1款、第5款及第7款,赤尾青蝦,n/a,多功能使用區
屏東縣,屏東縣海域,85,n/a,n/a,1852,n/a,不得在距岸1浬內以內水域作業。,每年6月1日至10月31日,漁業法第37條、第44條及第54條,漁業法第10條、第65條第1款、第5款及第7款,櫻花蝦,n/a,多功能使用區
屏東縣,屏東縣琉球海域,86,n/a,n/a,n/a,n/a,自100年6月1日起禁止主兼營刺網漁船（筏）轉籍至琉球地區及琉球地區漁船（筏）變更主兼營漁業為刺網。,n/a,漁業法第37條、第38條,n/a,n/a,n/a,多功能使用區
屏東縣,屏東縣琉球海域,87,n/a,n/a,5556,n/a,"1.自102年1月1日起，琉球鄉距岸三浬內海域禁止使用各類刺網作業並禁止攜帶各類刺網具進出琉球各漁港。非琉球籍刺網漁船倘為補給、避風及醫療等事項須進入琉球鄉各漁港，須經本府同意。
2.自公告日起，設籍琉球鄉漁船(筏)不再核發主(兼)營刺網漁業執照；領有主(兼)營刺網漁業執照之漁船(筏)不得轉籍至琉球鄉。",自102年1月1日起，全年,漁業法第14條、第44條,漁業法第65條第5款,n/a,n/a,多功能使用區
屏東縣,屏東縣琉球鄉大福海域,88,n/a,n/a,n/a,n/a,原大福西漁港港區內A、B、C、D所圍之水域，除經主管機關核准之學術研究或漁港管理外，禁止禁漁區範圍進行任何採捕或破壞水產動植物之行為。,全年,漁業法第44條第4款、第9款,漁業法第65條第5款,n/a,n/a,多功能使用區
屏東縣,屏東縣海域,89,n/a,n/a,22224,n/a,除為試驗研究目的，並經本府許可者外，不得使用集魚燈之焚寄網及扒網（俗稱三角虎）之魚具漁法於本縣距岸十二浬內海域作業捕魚。,全年,漁業法第44條第3款,漁業法第61條,燈火漁業,n/a,多功能使用區
屏東縣,屏東縣海域,90,n/a,n/a,n/a,n/a,除為試驗研究目的，並經本府許可者外，不得以任何方式於本縣落岸海域採捕珊瑚(含珊瑚礁)。,全年,漁業法第44條第1款,漁業法第60條第2項,珊瑚礁,珊瑚礁,多功能使用區
屏東縣,屏東縣車城外海,91,22°07'07''N;120°31'06''E,Yes,1852,半徑,設置表(中)層浮體人工魚礁試驗研究區，以經緯度為中心半徑1浬內,全年,漁業法第44條第9款,n/a,n/a,浮體人工魚礁試驗,多功能使用區
屏東縣,屏東縣琉球鄉南方海域,92,22°17'60''N;120°21'17''E,Yes,800,半徑,設置中層浮體人工魚礁試驗研究區，以經緯度為中心半徑800公尺內,全年,漁業法第44條第4款,n/a,n/a,浮體人工魚礁試驗,多功能使用區
屏東縣,屏東縣琉球鄉南方海域,93,22°16.5'N;120°19.59'E,Yes,800,半徑,設置表(中)層浮體人工魚礁試驗研究區，以經緯度為中心半徑800公尺內,全年,漁業法第44條第4款,n/a,n/a,浮體人工魚礁試驗,多功能使用區
屏東縣,屏東縣琉球鄉海域,94,21°19'06''N;120°17'07''E,Yes,801,半徑,設置表(中)層浮體人工魚礁試驗研究區，以經緯度為中心半徑800公尺內，禁止漁船、筏進入該區作業。,全年,漁業法第44條第9款,漁業法第65條第5款及第10條,n/a,浮體人工魚礁試驗,多功能使用區
屏東縣,林邊(第一)人工魚礁禁漁區,95,22°22'00''N;120°28'30''E,Yes,1000,半徑,以中心位置經緯度為中心，半徑1000公尺範圍以內水域均屬之,全年,漁業法第44條第4、7款,漁業法第65條第5款及第10條,所有網具,人工魚礁、保護礁,多功能使用區
屏東縣,林邊(第二)人工魚礁禁漁區,96,22°22'30''N;120°28'00''E,Yes,1000,半徑,以中心位置經緯度為中心，半徑1000公尺範圍以內水域均屬之,全年,漁業法第44條第4、7款,漁業法第65條第5款及第10條,所有網具,人工魚礁、保護礁,多功能使用區
屏東縣,林邊(第三)人工魚礁禁漁區,97,22°23'00''N;120°28'00''E,Yes,1000,半徑,以中心位置經緯度為中心，半徑1000公尺範圍以內水域均屬之,全年,漁業法第44條第4、7款,漁業法第65條第5款及第10條,所有網具,人工魚礁、保護礁,多功能使用區
屏東縣,枋寮(第一)人工魚礁禁漁區,98,22°19'06''N;120°28'54''E,Yes,1000,半徑,以中心位置經緯度為中心，半徑1000公尺範圍以內水域均屬之,全年,漁業法第44條第4、7款,漁業法第65條第5款及第10條,所有網具,人工魚礁、保護礁,多功能使用區
屏東縣,枋寮(第二)人工魚礁禁漁區,99,22°19'50''N;120°34'04''E,Yes,1000,半徑,以中心位置經緯度為中心，半徑1000公尺範圍以內水域均屬之,全年,漁業法第44條第4、7款,漁業法第65條第5款及第10條,所有網具,人工魚礁、保護礁,多功能使用區
屏東縣,枋寮(第三)人工魚礁禁漁區,100,22°17'18''N;120°36'18''E,Yes,1000,半徑,以中心位置經緯度為中心，半徑1000公尺範圍以內水域均屬之,全年,漁業法第44條第4、7款,漁業法第65條第5款及第10條,所有網具,人工魚礁、保護礁,多功能使用區
屏東縣,海口人工魚礁禁漁區,101,22°06'24''N;120°41'12''E,Yes,1000,半徑,以中心位置經緯度為中心，半徑1000公尺範圍以內水域均屬之,全年,漁業法第44條第4、7款,漁業法第65條第5款及第10條,所有網具,人工魚礁、保護礁,多功能使用區
屏東縣,漁福村人工魚礁禁漁區,102,22°20'00''N;120°22'20''E,Yes,1000,半徑,以中心位置經緯度為中心，半徑1000公尺範圍以內水域均屬之,全年,漁業法第44條第4、7款,漁業法第65條第5款及第10條,所有網具,人工魚礁、保護礁,多功能使用區
屏東縣,杉福村人工魚礁禁漁區,103,22°21'00''N;120°19'00''E,Yes,1000,半徑,以中心位置經緯度為中心，半徑1000公尺範圍以內水域均屬之,全年,漁業法第44條第4、7款,漁業法第65條第5款及第10條,所有網具,人工魚礁、保護礁,多功能使用區
屏東縣,南灣人工魚礁禁漁區,104,21°56'42''N;120°46'00''E,Yes,926,半徑,以中心位置經緯度為中心，半徑0.5浬範圍以內水域均屬之。水深30公尺。,全年,漁業法第44條第4、7款,漁業法第65條第5款及第10條,所有網具,人工魚礁、保護礁,多功能使用區
屏東縣,琉球龍蝦洞人工漁礁禁漁區,105,22°20.700'N;120°23.480'E,Yes,926,半徑,以中心位置經緯度為中心，半徑0.5浬範圍以內水域均屬之。,全年,漁業法第44條第4、7款,漁業法第65條第5款及第10條,所有網具,人工魚礁、保護礁,多功能使用區
屏東縣,琉球(1)人工浮魚礁,106,22°19'N;120°11.2'E,Yes,926,半徑,以中心位置經緯度為中心，半徑0.5浬範圍以內水域均屬之。水深56公尺。,全年,漁業法第44條第9款,漁業法第65條第5款及第10條,所有網具,人工浮魚礁區,多功能使用區
屏東縣,琉球(2)人工浮魚礁,107,22°11.5'N;120°14.13'E,Yes,926,半徑,以中心位置經緯度為中心，半徑0.5浬範圍以內水域均屬之。水深56公尺。,全年,漁業法第44條第9款,漁業法第65條第5款及第10條,所有網具,人工浮魚礁區,多功能使用區
屏東縣,車城(一)人工浮魚礁禁漁區,108,22°06.4'N;120°27.5'E,Yes,800,半徑,以中心位置經緯度為中心，半徑800公尺範圍以內水域均屬之。水深60公尺。,全年,漁業法第44條第9款,漁業法第65條第5款及第10條,所有網具,人工浮魚礁區,多功能使用區
屏東縣,車城(二)人工浮魚礁禁漁區,109,22°01.2'N;120°23.1'E,Yes,800,半徑,以中心位置經緯度為中心，半徑800公尺範圍以內水域均屬之。水深60公尺。,全年,漁業法第44條第9款,漁業法第65條第5款及第10條,所有網具,人工浮魚礁區,多功能使用區
屏東縣,琉球(3)人工浮魚礁,110,22°08.4'N;120°29.3'E,Yes,800,半徑,以中心位置經緯度為中心，半徑800公尺範圍以內水域均屬之。水深60公尺。,全年,漁業法第44條第4、7款,漁業法第65條第5款及第10條,所有網具,人工浮魚礁區,多功能使用區
屏東縣,恆春(一)人工浮魚礁禁漁區,111,21°52.50'N;120°31.85'E,Yes,800,半徑,以中心位置經緯度為中心，半徑800公尺範圍以內水域均屬之。水深40公尺。,全年,漁業法第44條第4、7款,漁業法第65條第5款及第10條,所有網具,人工浮魚礁區,多功能使用區
屏東縣,琉球(4)人工浮魚礁,112,22°19.50'N;120°18.62'E,Yes,800,半徑,以中心位置經緯度為中心，半徑800公尺範圍以內水域均屬之。水深56公尺。,全年,漁業法第44條第4、7款,漁業法第65條第5款及第10條,所有網具,人工浮魚礁區,多功能使用區
屏東縣,琉球(5)人工浮魚礁,113,22°11.25'N;120°19.32'E,Yes,800,半徑,以中心位置經緯度為中心，半徑800公尺範圍以內水域均屬之。水深45公尺。,全年,漁業法第44條第4、7款,漁業法第65條第5款及第10條,所有網具,人工浮魚礁區,多功能使用區
屏東縣,南福村人工魚礁禁漁區,114,22°19'05''N;120°21'25''E,Yes,1000,半徑,以中心位置經緯度為中心，半徑1000公尺範圍以內水域均屬之,全年,漁業法第44條第4、7款,漁業法第65條第5款及第10條,所有網具,人工浮魚礁區,多功能使用區
屏東縣,琉球(6)中層人工浮魚礁,115,22°07.75'N;120°24.20'E,Yes,900,半徑,以中心位置經緯度為中心，半徑900公尺範圍以內水域均屬之。水深49公尺。,全年,漁業法第44條第4、7款,漁業法第65條第5款及第10條,所有網具,人工浮魚礁區,多功能使用區
屏東縣,琉球(7)中層人工浮魚礁,116,22°14.09'N;120°18.27'E,Yes,900,半徑,以中心位置經緯度為中心，半徑900公尺範圍以內水域均屬之。水深25公尺。,全年,漁業法第44條第4、7款,漁業法第65條第5款及第10條,所有網具,人工浮魚礁區,多功能使用區
屏東縣,琉球(8)中層人工浮魚礁,117,22°13.73'N;120°11.72'E,Yes,900,半徑,以中心位置經緯度為中心，半徑900公尺範圍以內水域均屬之。水深25公尺。,全年,漁業法第44條第4、7款,漁業法第65條第5款及第10條,所有網具,人工浮魚礁區,多功能使用區
屏東縣,恆春(2)中層人工浮魚礁,118,21°55.52'N;120°32.10'E,Yes,900,半徑,以中心位置經緯度為中心，半徑900公尺範圍以內水域均屬之。水深33公尺。,全年,漁業法第44條第4、7款,漁業法第65條第5款及第10條,所有網具,人工浮魚礁區,多功能使用區
屏東縣,恆春(1)表層人工浮魚礁,119,22°17.46'N;120°21.83'E,Yes,900,半徑,以中心位置經緯度為中心，半徑900公尺範圍以內水域均屬之。,全年,漁業法第44條第4、7款,漁業法第65條第5款及第10條,所有網具,人工浮魚礁區,多功能使用區
屏東縣,琉球(2)表層人工浮魚礁,120,22°18.72'N;120°19.46'E,Yes,900,半徑,以中心位置經緯度為中心，半徑900公尺範圍以內水域均屬之。,全年,漁業法第44條第4、7款,漁業法第65條第5款及第10條,所有網具,人工浮魚礁區,多功能使用區
屏東縣,琉球(9)中層人工浮魚礁,121,22°20.6'N;120°20'E,Yes,900,半徑,以中心位置經緯度為中心，半徑900公尺範圍以內水域均屬之。水深30公尺。,全年,漁業法第44條第4、7款,漁業法第65條第5款及第10條,所有網具,人工浮魚礁區,多功能使用區
屏東縣,琉球(10)中層人工浮魚礁,122,22°19.20'N;120°19.4'E,Yes,900,半徑,以中心位置經緯度為中心，半徑900公尺範圍以內水域均屬之。水深30公尺。,全年,漁業法第44條第4、7款,漁業法第65條第5款及第10條,所有網具,人工浮魚礁區,多功能使用區
屏東縣,恆春(3)中層人工浮魚礁,123,21°50.11'N;120°36.81'E,Yes,900,半徑,以中心位置經緯度為中心，半徑900公尺範圍以內水域均屬之。水深75公尺。,全年,漁業法第44條第4、7款,漁業法第65條第5款及第10條,所有網具,人工浮魚礁區,多功能使用區
屏東縣,琉球(11)中層人工浮魚礁,124,22°19'59''N;120°14'59''E,Yes,900,半徑,以中心位置經緯度為中心，半徑900公尺範圍以內水域均屬之。水深50公尺。,全年,漁業法第44條第4、7款,漁業法第65條第5款及第10條,所有網具,人工浮魚礁區,多功能使用區
屏東縣,恆春(4)中層人工浮魚礁,125,21°47'56''N;120°44'12''E,Yes,900,半徑,以中心位置經緯度為中心，半徑900公尺範圍以內水域均屬之。水深50公尺。,全年,漁業法第44條第4、7款,漁業法第65條第5款及第10條,所有網具,人工浮魚礁區,多功能使用區
屏東縣,恆春(5)中層人工浮魚礁,126,21°57'28''N;120°55'00''E,Yes,900,半徑,以中心位置經緯度為中心，半徑900公尺範圍以內水域均屬之。水深50公尺。,全年,漁業法第44條第4、7款,漁業法第65條第5款及第10條,所有網具,人工浮魚礁區,多功能使用區
屏東縣,恆春(6)中層人工浮魚礁,127,22°05'22''N;120°57'17''E,Yes,900,半徑,以中心位置經緯度為中心，半徑900公尺範圍以內水域均屬之。水深50公尺。,全年,漁業法第44條第4、7款,漁業法第65條第5款及第10條,所有網具,人工浮魚礁區,多功能使用區
屏東縣,琉球(12)中層人工浮魚礁,128,22°17.34'N;120°20.7'E,Yes,900,半徑,以中心位置經緯度為中心，半徑900公尺範圍以內水域均屬之。水深203公尺。,全年,漁業法第44條第4、7款,漁業法第65條第5款及第10條,所有網具,人工浮魚礁區,多功能使用區
屏東縣,琉球(13)中層人工浮魚礁,129,22°20.76'N;120°09.6'E,Yes,900,半徑,以中心位置經緯度為中心，半徑900公尺範圍以內水域均屬之。水深642公尺。,全年,漁業法第44條第4、7款,漁業法第65條第5款及第10條,所有網具,人工浮魚礁區,多功能使用區
屏東縣,琉球(14)中層人工浮魚礁,130,22°12'N;120°14.64'''E,Yes,900,半徑,以中心位置經緯度為中心，半徑900公尺範圍以內水域均屬之。水深824公尺。,全年,漁業法第44條第4、7款,漁業法第65條第5款及第10條,所有網具,人工浮魚礁區,多功能使用區
屏東縣,琉球、車城海域水產動植物繁殖保育區,131,"L1:22°21.713'N；120°22.661'E
L2:22°21.533'N；120°'22.152'E
L3:22°21.010'N；120°'21.425'E
L4:22°20.990'N；120°'21.577'E
L5:22°20.930'N；120°'21.660'E
L6:22°21.006'N；120°'21.817'E
L7:22°21.201'N；120°'22.130'E
L8:22°21.396'N；120°'22.663'E
A1:22°20.522'N；120°'21.781'E
A2:22°20.501'N；120°'21.731'E
A3:22°20.585'N；120°'21.693'E
A4:22°20.693'N；120°'21.674'E
A5:22°20.579'N；120°'21.752'E
A:22°20'51.0936""N；120°23'21.5556''E
B:22°20'51.0936""N；120°23'22.1748''E
C:22°20'53.7360""N；120°23'21.7104''E
D:22°20'53.9160""N；120°23'20.5908''E
E:22°21'03.6648""N；120°23'16.0332''E
F:22°20'04.4532N；120°23'16.0692''E",n/a,1000,半徑,"一、公告事項:
(一)西北分區:
1.範圍:自老人會起(點DI22°21.323'N120°22.862'E)至杉福漁港(點DII22°20.520'N120°21.772'E)止。以高潮線起向外延伸200公尺，扣除箱網養殖區(L1-L8)及衫福潮間帶保育示範區(A1-A5)所圍之海域。
2.保育對象:龍蝦、馬尾藻、海膽、珊瑚礁魚類及其他水產動物(洄游性魚類除外)。
(二)潮間帶保育區示範圍:
1.衫福潮間帶保育示範區範圍:衫福潮間帶由A1-A5所圍之區域。
2.漁埕尾潮間帶保育示範區範圍:魚埕尾潮間帶由A-F所圍之區域。
3.保育對象:所有水產動物及馬尾藻。
(三)環島分區:
1.範圍:琉球全島沿岸高潮線起向外延伸200公尺扣除西北分區、箱網養殖區及衫福潮間帶保育示範區之範圍。
2.保育對象:為龍蝦、海膽及馬尾藻。
二、限制事項
(一)琉球漁業資源保育區西北分區、環島分區及車城漁業資源保育區:除經主管機關核准之學術研究及管理單位人員外，禁止於保育區範圍內以任何方式採捕(含徒手)保育對象或破壞棲息地環境之行為。
(二)琉球漁業資源保育區潮間帶保育示範區:
1.未經本府認證合格之解說人員帶領不得進入。經主管機關核准之學術研究及管理單位人員除外。
2.同一時間進入人數杉福潮間帶保育示範區以300人、漁埕尾潮間帶保育示範區已500人為限，且僅限進入本府劃設之人員行走之路線水域(以浮球或其他方式標示適當路線)。
3.每年12月至翌年3月禁止所有人員進入(當地居民及經本府同意研究人員除外)。
4.除經主管機關核准之學術研究及管理單位人員外，禁止於保育區範圍內以任何方式採捕(含徒手)保育對象或破壞棲息地環境之行為。
5.潮間帶保育示範區範圍，本府得視保育成效或管理需要，予以調整。",全年,漁業法第44條第4、9款、第45條,漁業法第65條,任何方式,n/a,多功能使用區
屏東縣,琉球、車城海域水產動植物繁殖保育區,132,n/a,n/a,1000,半徑,n/a,全年,漁業法第44條第4、9款、第45條,漁業法第65條,任何方式,n/a,多功能使用區
屏東縣,琉球、車城海域水產動植物繁殖保育區,133,n/a,n/a,1000,半徑,n/a,全年,漁業法第44條第4、9款、第45條,漁業法第65條,任何方式,n/a,多功能使用區
屏東縣,國立海洋生物博物館資源培育區,134,屏東縣車城鄉金沙崙以南水深50公尺以淺之海域，自22°5'N以南；120°41'E,Yes,1000,A點以南,資源培育區內各項開發及漁業行為，需經管理單位同意後始可進行，違者函報主管機關依漁業法相關規定核處,全年,漁業法第45條及第44條第4、7款及第9款,漁業法第65條,任何方式,n/a,多功能使用區
屏東縣,白沙美人洞禁漁區,135,A點22°21'11.7''N;120°22'14.9''E。B點22°21'12.4''N;120°22'11.7''E。C點22°21'17.5''N;120°22'56.6''E。D點22°21'25.7''N;120°22'39.7''E。,Yes,300,ABCD內,以A、B、C、D四點所連範圍以內水域。白沙老人會涼亭至美人洞觀海亭沿岸海域，由平均高潮線向外延伸300公尺海域。,全年,漁業法第44條第4款,漁業法第65條第5款,任何方式,n/a,多功能使用區
屏東縣,杉福村海域珊瑚礁禁漁區,136,F點22°20''N;120°21'33.6''E,Yes,300,半徑,以F點為中心，半徑300公尺範圍內之珊瑚礁復育區。,全年,漁業法第44條第4款,漁業法第65條第5項,任何方式,n/a,多功能使用區
屏東縣,距岸十二浬內,137,n/a,n/a,22224,n/a,本縣距岸十二浬內禁止以集魚燈之焚寄網及扒網(俗稱三腳虎)之漁具漁法作業捕魚。,全年,漁業法第44條第3款,漁業法第61條,燈火,n/a,多功能使用區
屏東縣,?鱙,138,n/a,n/a,500,n/a,本縣兼營?鱙漁業漁船(筏)及漁獲載運漁筏除不得跨越本縣海域即進入其他禁漁區作業外，其作業漁場限距岸500公尺以外作業。,每年6月1日至8月31日,漁業法第9條、第14條、第37條、第44條第1項第4款、第46條及第54條第5款,漁業法第10條、第65條,?鱙,n/a,多功能使用區
苗栗縣,崎頂人工魚礁禁漁區,139,"N24°44'00""，E120°49'00""
以中心位置經緯度中心半徑1000公尺範圍內",Yes,1000,半徑,"1.凡使用網具類漁具之漁船均不得進入禁漁區範圍內作業。
2.如需於禁漁區內投放或除去水產動植物繁殖上所需之保護物，如人工魚礁、船礁或保護礁等人工設施，須經本府書面同意後，始可為之。",全年,漁業法第44條第4、7款,漁業法第65條第5款及第10條,網具類禁漁區,n/a,多功能使用區
苗栗縣,通霄人工魚礁禁漁區,140,"N24°29'30""，E120°38'12""
以中心位置經緯度中心半徑1000公尺範圍內",Yes,1000,半徑,"1.凡使用網具類漁具之漁船均不得進入禁漁區範圍內作業。
2.如需於禁漁區內投放或除去水產動植物繁殖上所需之保護物，如人工魚礁、船礁或保護礁等人工設施，須經本府書面同意後，始可為之。",全年,漁業法第44條第4、7款,漁業法第65條第5款及第10條,網具類禁漁區,n/a,多功能使用區
苗栗縣,海口人工魚礁禁漁區,141,"N24°27'05""，E120°37'04""
以中心位置經緯度中心半徑1000公尺範圍內",Yes,1000,半徑,"1.凡使用網具類漁具之漁船均不得進入禁漁區範圍內作業。
2.如需於禁漁區內投放或除去水產動植物繁殖上所需之保護物，如人工魚礁、船礁或保護礁等人工設施，須經本府書面同意後，始可為之。",全年,漁業法第44條第4、7款,漁業法第65條第5款及第10條,網具類禁漁區,n/a,多功能使用區
苗栗縣,中港(一)保護礁區禁漁區,142,"A點，N24°41'00""，E120°45'00""，B點，N24°40'30""，E120°45'48""，以AB兩點所連成標示直線周邊各1000公尺以內水域均屬之",Yes,1000,AB線左右,"1.凡使用網具類漁具之漁船均不得進入禁漁區範圍內作業。
2.如需於禁漁區內投放或除去水產動植物繁殖上所需之保護物，如人工魚礁、船礁或保護礁等人工設施，須經本府書面同意後，始可為之。",全年,漁業法第44條第4、7款,漁業法第65條第5款及第10條,網具類禁漁區,n/a,多功能使用區
苗栗縣,中港(二)保護礁區禁漁區,143,"A點，N24°42'30""，E120°46'48""，B點，N24°42'00""，E120°47'42""，以AB兩點所連成標示直線周邊各1000公尺以內水域均屬之",Yes,1000,AB線左右,"1.凡使用網具類漁具之漁船均不得進入禁漁區範圍內作業。
2.如需於禁漁區內投放或除去水產動植物繁殖上所需之保護物，如人工魚礁、船礁或保護礁等人工設施，須經本府書面同意後，始可為之。",全年,漁業法第44條第4、7款,漁業法第65條第5款及第10條,網具類禁漁區,n/a,多功能使用區
苗栗縣,海寶保護礁區禁漁區,144,"A點，N24°40'20""，E120°47'42""，B點，N24°41'21""，E120°46'23""，以AB兩點所連成標示直線周邊各1000公尺以內水域均屬之",Yes,1000,AB線左右,"1.凡使用網具類漁具之漁船均不得進入禁漁區範圍內作業。
2.如需於禁漁區內投放或除去水產動植物繁殖上所需之保護物，如人工魚礁、船礁或保護礁等人工設施，須經本府書面同意後，始可為之。",全年,漁業法第44條第4、7款,漁業法第65條第5款及第10條,網具類禁漁區,n/a,多功能使用區
苗栗縣,竹圍保護礁區禁漁區,145,"A點，N24°41'47""，E120°50'03""，B點，N24°43'25""，E120°48'36""，以AB兩點所連成標示直線周邊各1000公尺以內水域均屬之",Yes,1000,AB線左右,"1.凡使用網具類漁具之漁船均不得進入禁漁區範圍內作業。
2.如需於禁漁區內投放或除去水產動植物繁殖上所需之保護物，如人工魚礁、船礁或保護礁等人工設施，須經本府書面同意後，始可為之。",全年,漁業法第44條第4、7款,漁業法第65條第5款及第10條,網具類禁漁區,n/a,多功能使用區
苗栗縣,崎頂保護礁區禁漁區,146,"A點，N24°43'03""，E120°50'51""，B點，N24°44'50""，E120°49'05""，以AB兩點所連成標示直線周邊各1000公尺以內水域均屬之",Yes,1000,AB線左右,"1.凡使用網具類漁具之漁船均不得進入禁漁區範圍內作業。
2.如需於禁漁區內投放或除去水產動植物繁殖上所需之保護物，如人工魚礁、船礁或保護礁等人工設施，須經本府書面同意後，始可為之。",全年,漁業法第44條第4、7款,漁業法第65條第5款及第10條,網具類禁漁區,n/a,多功能使用區
苗栗縣,通苑保護礁區禁漁區,147,"A點，N24°28'12""，E120°36'12""，B點，N24°28'48""，E120°36'36""，以AB兩點所連成標示直線周邊各1000公尺以內水域均屬之",Yes,1000,AB線左右,"1.凡使用網具類漁具之漁船均不得進入禁漁區範圍內作業。
2.如需於禁漁區內投放或除去水產動植物繁殖上所需之保護物，如人工魚礁、船礁或保護礁等人工設施，須經本府書面同意後，始可為之。",全年,漁業法第44條第4、7款,漁業法第65條第5款及第10條,網具類禁漁區,n/a,多功能使用區
苗栗縣,外埔(一)保護礁區禁漁區,148,"A點，N24°39'50""，E120°45'32""，B點，N24°39'50""，E120°44'29""，以AB兩點所連成標示直線周邊各1000公尺以內水域均屬之",Yes,1000,AB線左右,"1.凡使用網具類漁具之漁船均不得進入禁漁區範圍內作業。
2.如需於禁漁區內投放或除去水產動植物繁殖上所需之保護物，如人工魚礁、船礁或保護礁等人工設施，須經本府書面同意後，始可為之。",全年,漁業法第44條第4、7款,漁業法第65條第5款及第10條,網具類禁漁區,n/a,多功能使用區
苗栗縣,外埔(二)保護礁區禁漁區,149,"A點，N24°39'37""，E120°45'03""，B點，N24°40'09""，E120°44'04""，以AB兩點所連成標示直線周邊各1000公尺以內水域均屬之",Yes,1000,AB線左右,"1.凡使用網具類漁具之漁船均不得進入禁漁區範圍內作業。
2.如需於禁漁區內投放或除去水產動植物繁殖上所需之保護物，如人工魚礁、船礁或保護礁等人工設施，須經本府書面同意後，始可為之。",全年,漁業法第44條第4、7款,漁業法第65條第5款及第10條,網具類禁漁區,n/a,多功能使用區
苗栗縣,外埔(三)保護礁區禁漁區,150,"A點，N24°37'40""，E120°43'29""，B點，NN24°38'04""，E120°42'36""，以AB兩點所連成標示直線周邊各1000公尺以內水域均屬之",Yes,1000,AB線左右,"1.凡使用網具類漁具之漁船均不得進入禁漁區範圍內作業。
2.如需於禁漁區內投放或除去水產動植物繁殖上所需之保護物，如人工魚礁、船礁或保護礁等人工設施，須經本府書面同意後，始可為之。",全年,漁業法第44條第4、7款,漁業法第65條第5款及第10條,網具類禁漁區,n/a,多功能使用區
苗栗縣,外埔(四)保護礁區禁漁區,151,"A點，N24°36'08""，E120°42'02""，B點，N24°35'46""，E120°41'08""以AB兩點所連成標示直線周邊各1000公尺以內水域均屬之",Yes,1000,AB線左右,"1.凡使用網具類漁具之漁船均不得進入禁漁區範圍內作業。
2.如需於禁漁區內投放或除去水產動植物繁殖上所需之保護物，如人工魚礁、船礁或保護礁等人工設施，須經本府書面同意後，始可為之。",全年,漁業法第44條第4、7款,漁業法第65條第5款及第10條,網具類禁漁區,n/a,多功能使用區
苗栗縣,白新人工魚礁區禁漁區,152,"N24°34'30""，E120°40'30""
以經緯度為中心半徑1000公尺均屬之",Yes,1000,半徑,"1.凡使用網具類漁具之漁船均不得進入禁漁區範圍內作業。
2.如需於禁漁區內投放或除去水產動植物繁殖上所需之保護物，如人工魚礁、船礁或保護礁等人工設施，須經本府書面同意後，始可為之。",全年,漁業法第44條第4、7款,漁業法第65條第5款及第10條,網具類禁漁區,n/a,多功能使用區
苗栗縣,白新保護礁禁漁區,153,"A點，N24°34'26""，E120°40'00""，B點，N24°33'00""，E120°39'00""，
以AB兩點所連成標示直線周邊各1000公尺以內水域均屬之",Yes,1000,AB線左右,"1.凡使用網具類漁具之漁船均不得進入禁漁區範圍內作業。
2.如需於禁漁區內投放或除去水產動植物繁殖上所需之保護物，如人工魚礁、船礁或保護礁等人工設施，須經本府書面同意後，始可為之。",全年,漁業法第44條第4、7款,漁業法第65條第5款及第10條,網具類禁漁區,n/a,多功能使用區
苗栗縣,外埔人工魚礁禁漁區,154,"N24°39.600'，E120°44.500'，
以經緯度為中心半徑1000公尺均屬之",Yes,1000,半徑,"1.凡使用網具類漁具之漁船均不得進入禁漁區範圍內作業。
2.如需於禁漁區內投放或除去水產動植物繁殖上所需之保護物，如人工魚礁、船礁或保護礁等人工設施，須經本府書面同意後，始可為之。",全年,漁業法第44條第4、7款,漁業法第65條第5款及第10條,網具類禁漁區,n/a,多功能使用區
苗栗縣,苗栗縣沿岸海域,155,距岸六浬內,n/a,11112,n/a,自94年4月25日起，除每年5月1日至8月31日，開放燈光二萬瓦以下燈火漁業至本縣距岸三浬外作業外，全年禁止燈火漁業漁船進入本縣六浬內海域作業。,全年,漁業法第44條第4款,漁業法第44條第4款,網具類禁漁區,n/a,多功能使用區
苗栗縣,公司寮人工漁礁禁漁區,156,"N24°36.'727'，E120°42.007'
以經緯度為中心半徑1000公尺均屬之",Yes,1000,半徑,"1.凡使用網具類漁具之漁船均不得進入禁漁區範圍內作業。
2.如需於禁漁區內投放或除去水產動植物繁殖上所需之保護物，如人工魚礁、船礁或保護礁等人工設施，須經本府書面同意後，始可為之。",全年,漁業法第44條第4、7款,漁業法第65條第5款及第10條,網具類禁漁區,n/a,多功能使用區
苗栗縣,通霄第二魚礁區禁漁區,157,"N24°29.255'，E120°38.167'
以經緯度為中心半徑1500公尺均屬之",Yes,1500,半徑,"1.凡使用網具類漁具之漁船均不得進入禁漁區範圍內作業。
2.如需於禁漁區內投放或除去水產動植物繁殖上所需之保護物，如人工魚礁、船礁或保護礁等人工設施，須經本府書面同意後，始可為之。",全年,漁業法第44條第4、7款,漁業法第65條第5款及第10條,網具類禁漁區,n/a,多功能使用區
苗栗縣,後龍鎮中和里A、B、C、D四點範圍內,158,"A點:24°36'16""N120°43'23""EB點:24°36'8""N120°43'18""EC點:24°36'8""N120°43'14""ED點:24°36'16""N120°43'20""E",Yes,n/a,ABCD內,為禁捕期，於公告禁捕期，不得以任何方式進入保育區範圍內採捕保育種類。,每年12月1日起至次年3月31日止,漁業法第45條及第44條第4、7款,n/a,網具類禁漁區,n/a,多功能使用區
桃園市,觀音人工魚礁禁漁區,159,25°05'00''N;121°04'00''E,Yes,n/a,n/a,"1.凡使用網具類漁具之漁船均不得進入禁漁區範圍內作業。
2.如須於禁漁區內投放或除去水產動植物繁殖上所需之保護物，如人工魚礁、船礁或保護礁等人工設施，須經本府書面同意後，始可為之。",全年,漁業法第44條第4款,漁業法第65條第5款及第10條,n/a,人工魚礁、保護礁,多功能使用區
桃園市,竹園人工魚礁禁漁區,160,25°08'09''N;121°13'09''E,Yes,n/a,n/a,"1.凡使用網具類漁具之漁船均不得進入禁漁區範圍內作業。
2.如須於禁漁區內投放或除去水產動植物繁殖上所需之保護物，如人工魚礁、船礁或保護礁等人工設施，須經本府書面同意後，始可為之。",全年,漁業法第44條第4款,漁業法第65條第5款及第10條,n/a,人工魚礁、保護礁,多功能使用區
桃園市,永安人工魚礁禁漁區,161,25°00'08''N;120°59'03''E,Yes,n/a,n/a,"1.凡使用網具類漁具之漁船均不得進入禁漁區範圍內作業。
2.如須於禁漁區內投放或除去水產動植物繁殖上所需之保護物，如人工魚礁、船礁或保護礁等人工設施，須經本府書面同意後，始可為之。",全年,漁業法第44條第4款,漁業法第65條第5款及第10條,n/a,人工魚礁、保護礁,多功能使用區
桃園市,竹圍(一)保護礁禁漁區,162,"A點25°09'12''N;121°14'48''E。
B點25°09'50''N;121°14'24''E。",Yes,n/a,n/a,"1.凡使用網具類漁具之漁船均不得進入禁漁區範圍內作業。
2.如須於禁漁區內投放或除去水產動植物繁殖上所需之保護物，如人工魚礁、船礁或保護礁等人工設施，須經本府書面同意後，始可為之。",全年,漁業法第44條第4款,漁業法第65條第5款及第10條,n/a,人工魚礁、保護礁,多功能使用區
桃園市,竹圍(二)保護礁禁漁區,163,"A點25°09'20''N;121°13'48''E。
B點25°09'40''N;120°14'24''E。",Yes,n/a,n/a,"1.凡使用網具類漁具之漁船均不得進入禁漁區範圍內作業。
2.如須於禁漁區內投放或除去水產動植物繁殖上所需之保護物，如人工魚礁、船礁或保護礁等人工設施，須經本府書面同意後，始可為之。",全年,漁業法第44條第4款,漁業法第65條第5款及第10條,n/a,人工魚礁、保護礁,多功能使用區
桃園市,永安(一)保護礁禁漁區,164,"A點25°00'18''N;120°58'34''E。
B點25°00'36''N;120°58'03''E。",Yes,n/a,n/a,"1.凡使用網具類漁具之漁船均不得進入禁漁區範圍內作業。
2.如須於禁漁區內投放或除去水產動植物繁殖上所需之保護物，如人工魚礁、船礁或保護礁等人工設施，須經本府書面同意後，始可為之。",全年,漁業法第44條第4款,漁業法第65條第5款及第10條,n/a,人工魚礁、保護礁,多功能使用區
桃園市,永安(二)保護礁禁漁區,165,"A點24°58'00''N;120°58'06''E。
B點24°58'12''N;120°57'40''E。",Yes,n/a,n/a,"1.凡使用網具類漁具之漁船均不得進入禁漁區範圍內作業。
2.如須於禁漁區內投放或除去水產動植物繁殖上所需之保護物，如人工魚礁、船礁或保護礁等人工設施，須經本府書面同意後，始可為之。",全年,漁業法第44條第4款,漁業法第65條第5款及第10條,n/a,人工魚礁、保護礁,多功能使用區
桃園市,流袋網具漁區(期)限制事宜;距岸12浬以內海域,166,n/a,n/a,22224,n/a,每年6月16日起至9月15日止禁止使用流袋網具於本縣距岸12浬內採捕水產生物,6/16~9/15,漁業法第44條第4款,漁業法第65條第5款,網具類(流袋網),n/a,多功能使用區
桃園市,桃園市?鱙漁業管理規範,167,n/a,n/a,1000,n/a,兼營?鱙漁業漁船（筏）及漁獲載運漁筏，不得在距岸一千公尺以內水域作業且不得跨越本市所轄海域及進入其他禁漁區作業。,06/16~09/15,漁業法第9條、第14條、第37條、第44條第1項第4款、第46條及第54條第5款規定。,漁業法第10條及第65條第3、7款,?鱙,n/a,多功能使用區
桃園市,桃園市刺網漁業禁漁區、禁漁期及有關限制事宜,168,n/a,n/a,5556,n/a,每年6月1日至8月31日止，禁止刺網漁業漁船(筏)於本市距岸3浬海域內作業,06/01/~08/31,漁業法第44條第1項第4款,漁業法第65條第6款,網具類(刺網),n/a,多功能使用區
桃園市,桃園市拖網漁業禁漁區、禁漁期及有關限制事宜,169,n/a,n/a,5556,n/a,總噸位未滿50之拖網漁船，除須遵守「拖網漁船禁漁區位置及有關限制事宜」規定外，每年6月1日至8月31日止，禁止於本市3至6浬海域範圍內拖曳網具作業或投網、揚網。,06/01/~08/31,漁業法第44條第1項第4款,漁業法第65條第6款,網具類(拖網),n/a,多功能使用區
高雄市,高雄市沿岸3浬內,170,高雄市沿岸3浬內,n/a,5556,n/a,烏魚汛期間，籠具作業漁船禁止進入高雄市沿岸3浬內海域作業,每年烏魚汛期間，因應氣候變遷，另由本局逐年函告,漁業法第44條第1項第4款,漁業法第65條第5項,籠具,n/a,多功能使用區
高雄市,茄萣(一)人工魚礁禁漁區,171,"N22°52'48""，E120°08'36""",Yes,926,半徑,"1.凡使用網具類漁具之漁船均不得進入禁漁區範圍內作業。
2.如需於保育區內投放或除去水產生物繁殖上所需之保護物，如人工魚礁、船礁或保護礁等人工設施，需申請本府書面同意後，始可為之。",全年,漁業法第44條第1項第4、7款,漁業法第65條第5款及第10條,所有網具,n/a,多功能使用區
高雄市,茄萣(二)人工魚礁禁漁區,172,"N22°51'30""，E120°08'30""",Yes,926,半徑,"1.凡使用網具類漁具之漁船均不得進入禁漁區範圍內作業。
3.如需於保育區內投放或除去水產生物繁殖上所需之保護物，如人工魚礁、船礁或保護礁等人工設施，需申請本府書面同意後，始可為之。",全年,漁業法第44條第1項第4、7款,漁業法第65條第5款及第10條,所有網具,n/a,多功能使用區
高雄市,茄萣(三)人工魚礁禁漁區,173,"N22°51'30""，E120°09'30""",Yes,926,半徑,"1.凡使用網具類漁具之漁船均不得進入禁漁區範圍內作業。
4.如需於保育區內投放或除去水產生物繁殖上所需之保護物，如人工魚礁、船礁或保護礁等人工設施，需申請本府書面同意後，始可為之。",全年,漁業法第44條第1項第4、7款,漁業法第65條第5款及第10條,所有網具,n/a,多功能使用區
高雄市,茄萣(四)人工魚礁禁漁區,174,"N22°50'30""，E120°09'00""",Yes,926,半徑,"1.凡使用網具類漁具之漁船均不得進入禁漁區範圍內作業。
5.如需於保育區內投放或除去水產生物繁殖上所需之保護物，如人工魚礁、船礁或保護礁等人工設施，需申請本府書面同意後，始可為之。",全年,漁業法第44條第1項第4、7款,漁業法第65條第5款及第10條,所有網具,n/a,多功能使用區
高雄市,永安人工魚礁禁漁區,175,"N22°48'48""，E120°09'12""",Yes,926,半徑,"1.凡使用網具類漁具之漁船均不得進入禁漁區範圍內作業。
6.如需於保育區內投放或除去水產生物繁殖上所需之保護物，如人工魚礁、船礁或保護礁等人工設施，需申請本府書面同意後，始可為之。",全年,漁業法第44條第1項第4、7款,漁業法第65條第5款及第10條,所有網具,n/a,多功能使用區
高雄市,梓官人工魚礁禁漁區,176,"N22°43'18""，E120°11'48""",Yes,926,半徑,"1.凡使用網具類漁具之漁船均不得進入禁漁區範圍內作業。
7.如需於保育區內投放或除去水產生物繁殖上所需之保護物，如人工魚礁、船礁或保護礁等人工設施，需申請本府書面同意後，始可為之。",全年,漁業法第44條第1項第4、7款,漁業法第65條第5款及第10條,所有網具,n/a,多功能使用區
高雄市,彌陀(一)人工魚礁禁漁區,177,"N22°46'54""，E120°09'06""",Yes,926,半徑,"1.凡使用網具類漁具之漁船均不得進入禁漁區範圍內作業。
8.如需於保育區內投放或除去水產生物繁殖上所需之保護物，如人工魚礁、船礁或保護礁等人工設施，需申請本府書面同意後，始可為之。",全年,漁業法第44條第1項第4、7款,漁業法第65條第5款及第10條,所有網具,n/a,多功能使用區
高雄市,彌陀(二)人工魚礁禁漁區,178,"N22°46'36""，E120°10'18""",Yes,926,半徑,"1.凡使用網具類漁具之漁船均不得進入禁漁區範圍內作業。
9.如需於保育區內投放或除去水產生物繁殖上所需之保護物，如人工魚礁、船礁或保護礁等人工設施，需申請本府書面同意後，始可為之。",全年,漁業法第44條第1項第4、7款,漁業法第65條第5款及第10條,所有網具,n/a,多功能使用區
高雄市,彌陀(三)人工魚礁禁漁區,179,"N22°45'30""，E120°08'30""",Yes,926,半徑,"1.凡使用網具類漁具之漁船均不得進入禁漁區範圍內作業。
10.如需於保育區內投放或除去水產生物繁殖上所需之保護物，如人工魚礁、船礁或保護礁等人工設施，需申請本府書面同意後，始可為之。",全年,漁業法第44條第1項第4、7款,漁業法第65條第5款及第10條,所有網具,n/a,多功能使用區
高雄市,林園(一)人工魚礁禁漁區,180,"N22°27'00""，E120°21'00""",Yes,926,半徑,"1.凡使用網具類漁具之漁船均不得進入禁漁區範圍內作業。
11.如需於保育區內投放或除去水產生物繁殖上所需之保護物，如人工魚礁、船礁或保護礁等人工設施，需申請本府書面同意後，始可為之。",全年,漁業法第44條第1項第4、7款,漁業法第65條第5款及第10條,所有網具,n/a,多功能使用區
高雄市,林園(二)人工魚礁禁漁區,181,"N22°27'00""，E120°21'30""",Yes,926,半徑,"1.凡使用網具類漁具之漁船均不得進入禁漁區範圍內作業。
12.如需於保育區內投放或除去水產生物繁殖上所需之保護物，如人工魚礁、船礁或保護礁等人工設施，需申請本府書面同意後，始可為之。",全年,漁業法第44條第1項第4、7款,漁業法第65條第5款及第10條,所有網具,n/a,多功能使用區
高雄市,林園(三)人工魚礁禁漁區,182,"N22°26'00""，E120°18'00""",Yes,926,半徑,"1.凡使用網具類漁具之漁船均不得進入禁漁區範圍內作業。
13.如需於保育區內投放或除去水產生物繁殖上所需之保護物，如人工魚礁、船礁或保護礁等人工設施，需申請本府書面同意後，始可為之。",全年,漁業法第44條第1項第4、7款,漁業法第65條第5款及第10條,所有網具,n/a,多功能使用區
高雄市,櫻花蝦禁漁區,183,高雄市距岸3浬內,n/a,5556,n/a,除漁業調查、資源保育及管理之需，經本府許可者外，漁船不得進入本市距岸3浬內捕撈櫻花蝦，自即日起實施。,全年,漁業法第44條第1項第4款,漁業法第65條第5款,所有漁具漁法,n/a,多功能使用區
高雄市,本市專用漁業權之各漁場海域,184,n/a,n/a,n/a,n/a,全年禁止五噸以上籠具漁船於本市專用漁業權之各漁場海域內作業,全年,漁業法第54條第5款,漁業法第65條第8款,籠具,n/a,多功能使用區
高雄市,東沙群島領海外界線以內水域(含東沙環礁內之內水水域),185,n/a,n/a,n/a,n/a,"1.禁捕物種：
(1)各類珊瑚及珊瑚礁岩
(2)硨磲貝
(3)馬蹄鐘螺
(4)馬糞海膽(白棘三列海膽)
(5)大法螺
(6)海參
(7)軟骨魚類
2.除試驗、研究、資源調查目地，並經本府許可外，不得採捕本公告禁捕物種。",全年,漁業法第44條第1項第1款,漁業法第60條第2項,特定物種,n/a,多功能使用區
高雄市,高雄市沿岸3浬內,186,高雄市沿岸3浬內,n/a,5556,n/a,"1.烏魚汛期間，禁止籠具作業漁船進入高雄市沿岸3浬內海域作業
2.依據101年12月19日高市海三字第10133176700號公告「烏魚汛期間，禁止籠具作業漁船進入高雄市沿岸3浬內海域作業」事項三「禁漁期：每年烏魚汛期，因應氣候變遷，另由本局逐年函告」",105/12/14~106/01/24,漁業法第44條第1項第4款,漁業法第65條第5項,籠具,n/a,多功能使用區
高雄市,高雄市沿岸海域,187,漁筏不得在距岸500公尺以內海域作業。,n/a,500,n/a,同左,6/16~9/15,漁業法第9、14、37條，第44條第1項第4款，第46條，第54條第5款。,漁業法第10條、第65條第3、7款,?鱙,n/a,多功能使用區
高雄市,高雄市沿岸海域,188,?鱙漁業漁船不得在距岸1，000公尺以內海域作業,n/a,1000,n/a,同左,6/16~9/15,漁業法第9、14、37條，第44條第1項第4款，第46條，第54條第5款。,漁業法第10條、第65條第3、7款,?鱙,n/a,多功能使用區
基隆市,基隆市沿岸海域,189,A點25°10'00''N;121°42'42''E。B點25°13'30''N;121°42'48''E。C點25°11'36''N;121°48'42''E。D點25°08'12''N;121°47'48''E。,Yes,n/a,ABCD內,以A、B、C、D四點所連成之水域範圍內禁止使用多層刺網(含二層)採捕水產動植物。,全年,漁業法第44條第4款,漁業法第10條、第65條第5款,刺網(多層),n/a,多功能使用區
基隆市,基隆市沿岸海域,190,距岸三浬內,n/a,5556,n/a,自九十二年四月一日起禁止扒網(俗稱三腳虎)漁船進入本市所轄距岸三浬內作業。,全年,漁業法第44條第4款,漁業法第65條第5款或第10條,燈火,n/a,多功能使用區
基隆市,望海巷人工魚礁禁漁區,191,25°08'36''N;121°48'18''E以中心位置經緯度為中心，半徑0.5浬範圍以內水域均屬之。,Yes,926,半徑,"1.凡使用網具類漁具之漁船均不得進入禁漁區範圍內作業。
2.如需於保育區內投放或除去水產生物繁殖上所需之保護物，如人工魚礁、船礁或保護礁等人工設施，需申請本府書面同意後，始可為之。",全年,漁業法第44條第4款,漁業法第65條第5款或第10條,n/a,人工魚礁,多功能使用區
基隆市,大武崙人工魚礁禁漁區,192,25°10'45''N;121°42'40''E以中心位置經緯度為中心，半徑0.5浬範圍以內水域均屬之。,Yes,926,半徑,"1.凡使用網具類漁具之漁船均不得進入禁漁區範圍內作業。
2.如需於保育區內投放或除去水產生物繁殖上所需之保護物，如人工魚礁、船礁或保護礁等人工設施，需申請本府書面同意後，始可為之。",全年,漁業法第44條第4款,漁業法第65條第5款或第10條,n/a,人工魚礁,多功能使用區
基隆市,基隆嶼人工魚礁禁漁區,193,25°10'18''N;121°46'30''E以中心位置經緯度為中心，半徑0.5浬範圍以內水域均屬之。,Yes,926,半徑,"1.凡使用網具類漁具之漁船均不得進入禁漁區範圍內作業。
2.如需於保育區內投放或除去水產生物繁殖上所需之保護物，如人工魚礁、船礁或保護礁等人工設施，需申請本府書面同意後，始可為之。",全年,漁業法第44條第4款,漁業法第65條第5款或第10條,n/a,人工魚礁,多功能使用區
基隆市,岸頭堡保護礁禁漁區,194,A點25°11'08''N;121°47'10''E。B點25°10'40''N;121°47'33''E。以A、B兩點所連成標示直線周邊各1000公尺以內水域均屬之。,Yes,1000,AB線左右,"1.凡使用網具類漁具之漁船均不得進入禁漁區範圍內作業。
2.如需於保育區內投放或除去水產生物繁殖上所需之保護物，如人工魚礁、船礁或保護礁等人工設施，需申請本府書面同意後，始可為之。",全年,漁業法第44條第4款,漁業法第65條第5款或第10條,n/a,人工魚礁,多功能使用區
基隆市,基隆嶼保護礁(一)禁漁區,195,A點25°11'00''N;121°47'00''E。B點25°11'00''N;121°48'00''E。以A、B兩點所連成標示直線周邊各1000公尺以內水域均屬之。,Yes,1000,AB線左右,"1.凡使用網具類漁具之漁船均不得進入禁漁區範圍內作業。
2.如需於保育區內投放或除去水產生物繁殖上所需之保護物，如人工魚礁、船礁或保護礁等人工設施，需申請本府書面同意後，始可為之。",全年,漁業法第44條第4款,漁業法第65條第5款或第10條,n/a,人工魚礁,多功能使用區
基隆市,基隆嶼保護礁(二)禁漁區,196,A點25°11'00''N;121°48'20''E。B點25°09'48''N;121°47'24''E。以A、B兩點所連成標示直線周邊各1000公尺以內水域均屬之。,Yes,1000,AB線左右,"1.凡使用網具類漁具之漁船均不得進入禁漁區範圍內作業。
2.如需於保育區內投放或除去水產生物繁殖上所需之保護物，如人工魚礁、船礁或保護礁等人工設施，需申請本府書面同意後，始可為之。",全年,漁業法第44條第4款,漁業法第65條第5款或第10條,n/a,人工魚礁,多功能使用區
基隆市,基隆嶼保護礁(三)禁漁區,197,A點25°10'00''N;121°49'20''E。B點25°09'48''N;121°49'24''E。以A、B兩點所連成之直線周邊各1000公尺以內。,Yes,1000,AB線左右,"1.凡使用網具類漁具之漁船均不得進入禁漁區範圍內作業。
2.如需於保育區內投放或除去水產生物繁殖上所需之保護物，如人工魚礁、船礁或保護礁等人工設施，需申請本府書面同意後，始可為之。",全年,漁業法第44條第4款,漁業法第65條第5款或第10條,n/a,人工魚礁,多功能使用區
基隆市,基隆市水產動植物保育區,198,自基隆市行政轄區之所有沿岸水域，由低潮線向外延伸1000公尺之海域，海岸線長約20公里。,n/a,1000,n/a,"保護種類：九孔、?仔、龍蝦。
1.公告保育範圍內，不得以任何方式進入採捕保育種類或進行破壞水產生物棲地環境之行為。
2.如需於保育區內投放或除去水產生物繁殖上所需之保護物，如人工魚礁、船礁或保護礁等人工設施，需申請本府書面同意後，始可為之。",全年,漁業法第44條第4、7款及第45條,漁業法第65條第5款及第10條,n/a,漁業資源保育區,多功能使用區
基隆市,本市行政轄區所屬A點、B點、C點及E點所圍字路地高潮線起向外海域之範圍,199,A點長潭里漁港北防波堤之燈塔25?08'28.28''N；121?48'14.02''EB點海科館復育公園東北最外側礁石25?08'48.39''N；121?48'30.72''EC點海科館復育公園東南角落25?08'47.37''N；121?48'20.62''ED點長潭里漁港北防波堤延伸至平浪橋交點25?08'29.60''N；121?48'6.89''E,Yes,n/a,ABCD內,"1.除經主管機關核准之學術研究及管理單位人員外，禁止於保育區範圍內以任何方式採捕(含徒手及沿岸垂釣等行為)水產動植物或破壞棲地環境之行為。
2.採捕石花菜等經濟型海菜(藻)類，以設籍基隆市之市民及基隆區漁會會員為限。欲採捕經濟型海菜(藻)者，須於每年6月至7月底至基隆區漁會申請，並由基隆區漁會漁8月底前將申請採捕人員姓名(含身分證字號)繕造成冊函報本府，經本府審核並副知海岸巡防機關備查後，始得於當年11月至隔年6月採補經濟型海菜(藻)。於開放經濟型海菜(藻)採捕期間，採捕者僅能以徒手方式進行，且禁止採捕海菜(藻)以外之水產動植物。","1.全年
2.海菜(藻)7-10月",漁業法第44條第4、9款及第45條,漁業法第65條第6款,n/a,漁業資源保育區,多功能使用區
基隆市,本市行政轄區所屬A點、B點、C點及E點所圍字路地高潮線起向外海域之範圍,200,A點長潭里漁港北防波堤之燈塔25?08'28.28''N；121?48'14.02''EB點海科館復育公園東北最外側礁石25?08'48.39''N；121?48'30.72''EC點海科館復育公園東南角落25?08'47.37''N；121?48'20.62''ED點長潭里漁港北防波堤延伸至平浪橋交點25?08'29.60''N；121?48'6.89''E,Yes,n/a,ABCD內,"1.除經主管機關核准之學術研究及管理單位人員外，禁止於保育區範圍內以任何方式採捕(含徒手及沿岸垂釣等行為)水產動植物或破壞棲地環境之行為。
2.採捕石花菜等經濟型海菜(藻)類，以設籍基隆市之市民及基隆區漁會會員為限。欲採捕經濟型海菜(藻)者，須於每年6月至7月底至基隆區漁會申請，並由基隆區漁會漁8月底前將申請採捕人員姓名(含身分證字號)繕造成冊函報本府，經本府審核並副知海岸巡防機關備查後，始得於當年11月至隔年6月採補經濟型海菜(藻)。於開放經濟型海菜(藻)採捕期間，採捕者僅能以徒手方式進行，且禁止採捕海菜(藻)以外之水產動植物。","1.全年
2.海菜(藻)7-10月",漁業法第44條第4、9款及第45條,漁業法第65條第6款,n/a,漁業資源保育區,多功能使用區
連江縣,沿岸海域禁漁區及島礁3海浬內,201,n/a,n/a,5556,n/a,禁止沿岸海域禁漁區及島礁3海浬內使用魚槍採捕水產動植物,全年,漁業法第44條第1項第4款,漁業法第65條第1項第5款,其他漁具(漁槍),n/a,多功能使用區
連江縣,連江縣莒光鄉東莒島及所屬島礁距岸1浬內,202,n/a,n/a,1852,n/a,"1.莒光鄉及其所屬島礁距岸1浬內，限制禁止以任何方式採捕花蛤資源。
2.本公告所稱花蛤為：小花簾蛤Ruditapesvariegatus、菲律賓海瓜子簾蛤Rutitapessphilippinarum及歧紋簾蛤Gafrariumdivarcatum等3種雙殼類之貝類。",全年,漁業法第44條第1項第4款,漁業法第65條6款,n/a,特定生物(花蛤),多功能使用區
連江縣,連江縣海域轄區內,203,n/a,n/a,n/a,n/a,"1.水產動物採捕體長限制種類如下：
(1)瓜子?(黑毛)以體長15公分(含)以下限捕。
(2)赤點石斑以體長15公分(含)以下限捕。
(3)中國鱟大小一律禁捕。
(4)章魚以該科種類的體重200公克(含)以下限捕。
(5)文蛤以殼長4公分(含)以下限捕
(6)菲律賓海瓜子蛤(花蛤)以殼長2公分(含)以下限捕
(7)九孔鮑(雜色鮑)殼長3公分(含)以下限捕。
(8)紫海膽以體長5公分(含)以下限捕。
(9)石狗公以體長4公分(含)以下限捕。
(10)綠臍鐘螺以體長1公分(含)以下限捕。
(11)臍孔黑鐘螺以體長1公分(含)以下限捕。
(12)角蠑螺以體長2公分(含)以下限捕。
(13)黑鯛以體長15公分(含)以下限捕。
2.以上水產動物或其製品依大小不得採捕；但領有漁業權登記證照合法養殖業者，販買及持有以上人工繁殖方式培育之水產動物不在此限。",全年,漁業法第44條第9款,漁業法第65條第1項第6款,n/a,特定生物,多功能使用區
新北市,「新店溪秀朗橋下游朝淡水河口方向連接至淡水河關渡宮」以及「大漢溪浮洲橋往下游至中興大橋」水域,204,n/a,n/a,n/a,n/a,禁止使用網具（流刺網、投網）,全年,漁業法第44條第9款,漁業法第65條第5款,刺網(○層)、其他網具(投網),n/a,多功能使用區
新北市,新北市瑞芳區低潮線向外海延伸3浬海域,205,"新北市與基隆市界（25°08'08.30""N，121°48'10.00""E）
至鼻頭角（25°07'45.71""N，121°55'26.95""E）",Yes,5556,n/a,禁止刺網漁具進入新北市與基隆市界至鼻頭角低潮線向外海延伸3浬海域作業。,全年,漁業法第44條第4款,漁業法第65條第5款,刺網,n/a,多功能使用區
新北市,新北市低潮線向外海延伸3浬海域,206,n/a,n/a,5556,n/a,禁止使用扒網,全年,漁業法第44條第4款,漁業法第65條第5款,其他網具(扒網),n/a,多功能使用區
新北市,貢寮保育區：貢寮區福連里卯澳至洋寮鼻距岸300公尺之海域。萬里保育區：萬里區基金公路野柳隧道口至東澳距岸300公尺之海域。,207,n/a,n/a,300,n/a,"(一)石花菜自每年10月1日起至次年4月15日止禁止採捕或販賣。
(二)九孔殼長未滿4公分者禁止採捕，係以試驗研究或養殖為目的且經本府核准者，不予禁止。
(三)龍蝦殼長未滿20公分者禁止採捕，係以試驗研究或養殖為目的且經本府核准者，不予禁止。
(四)海膽不含刺殼長未滿8公分者禁止採捕，係以試驗研究或養殖為目的且經本府核准者，不予禁止。
(五)禁止使用潛水器材採捕石花菜、九孔、龍蝦及海膽。
(六)禁止以非釣具類漁具之漁船進入保育區範圍內作業。",全年,漁業法第44條第4款、第7款及第45條第1項、第2項,漁業法第65條第5款,n/a,漁業資源保育區,多功能使用區
新北市,新北市萬里區距岸3浬海域,208,"新北市與基隆市界（25°10'38.4""N，121°42'03.00""E）
至水尾漁港東堤綠燈塔（25°13'21.60""N，121°38'34.80""E）距岸3浬海域",Yes,5556,n/a,禁止使用刺網,全年,漁業法第44條第4款,漁業法第65條第5款,刺網(○層),n/a,多功能使用區
新北市,新北市貢寮區距岸3浬海域,209,"新北市與宜蘭縣界（24°59'02.98""N，121°57'54.69""E）
至鼻頭角（25°07'45.71""N，121°55'26.95""E）距岸3浬海域",Yes,5556,n/a,禁止使用多層（含二層）刺網漁具,全年,漁業法第44條第4款,漁業法第65條第5款,刺網(多層含二層),n/a,多功能使用區
新北市,新北市海域,210,n/a,n/a,500,n/a,不得在距岸500公尺、保育區及禁漁區等特定區域作業,每年6月15日至9月14日,漁業法第9條、第14條、第37條、第44條第4款、第46條及第54條,漁業法第10條及第65條第3款或第7款,?鱙,n/a,多功能使用區
新北市,新北市金山區石門漁港南堤紅燈塔至水尾漁港東堤綠燈塔距岸3浬海域,211,"(A)25°17'42.01""N，121°33'57.86""E(B)25°20'51.58""N，121°33'55.24""E(C)25°19'51.45""N，121°37'54.64""E(D)25°16'51.37""N，121°41'09.83""E(E)25°13'30.75""N，121°39'07.66""E",Yes,5556,AE線以北，BCD線以南,"1.禁止刺網漁具進入新北市金山區石門漁港南堤紅燈塔(A)起至水尾漁港東堤綠燈塔(E)間，由A至E岸線以北，B、C至D連線以南，距岸3浬海域作業。
2.烏魚汛期間(每年11月至次年1月)使用流刺網採捕烏魚除外。",全年,漁業法第44條第4款,漁業法第65條第5款,刺網(○層),n/a,多功能使用區
新北市,淡水人工魚礁禁漁區,212,北緯25度13分48秒、東經121度24分48秒,Yes,n/a,n/a,"1.凡使用網具類漁具之漁船均不得進入禁漁區範圍內作業。
2.如須於禁漁區內投放或除去水產動植物繁殖上所需之保護物，如人工魚礁、船礁或保護礁等人工設施，需經本府書面同意後，始可為之。
3.範圍:以中心位置經緯度為中心，半徑0.5浬範圍以內水域均屬之。",全年,漁業法第44條第4款,漁業法第65條第5款,所有網具,n/a,多功能使用區
新北市,林口人工魚礁禁漁區,213,北緯25度09分12秒、東經121度17分42秒,Yes,n/a,n/a,"1.凡使用網具類漁具之漁船均不得進入禁漁區範圍內作業。
2.如須於禁漁區內投放或除去水產動植物繁殖上所需之保護物，如人工魚礁、船礁或保護礁等人工設施，需經本府書面同意後，始可為之。
3.範圍:以中心位置經緯度為中心，半徑0.5浬範圍以內水域均屬之。",全年,漁業法第44條第4款,漁業法第65條第5款,所有網具,n/a,多功能使用區
新北市,跳石人工魚礁禁漁區,214,北緯25度15分30秒、東經121度38分00秒,Yes,n/a,n/a,"1.凡使用網具類漁具之漁船均不得進入禁漁區範圍內作業。
2.如須於禁漁區內投放或除去水產動植物繁殖上所需之保護物，如人工魚礁、船礁或保護礁等人工設施，需經本府書面同意後，始可為之。
3.範圍:以中心位置經緯度為中心，半徑0.5浬範圍以內水域均屬之。",全年,漁業法第44條第4款,漁業法第65條第5款,所有網具,n/a,多功能使用區
新北市,野柳人工魚礁禁漁區,215,北緯25度12分29秒、東經121度41分56秒,Yes,n/a,n/a,"1.凡使用網具類漁具之漁船均不得進入禁漁區範圍內作業。
2.如須於禁漁區內投放或除去水產動植物繁殖上所需之保護物，如人工魚礁、船礁或保護礁等人工設施，需經本府書面同意後，始可為之。
3.範圍:以中心位置經緯度為中心，半徑0.5浬範圍以內水域均屬之。",全年,漁業法第44條第4款,漁業法第65條第5款,所有網具,n/a,多功能使用區
新北市,龜吼人工魚礁禁漁區,216,北緯25度11分48秒、東經121度41分56秒,Yes,n/a,n/a,"1.凡使用網具類漁具之漁船均不得進入禁漁區範圍內作業。
2.如須於禁漁區內投放或除去水產動植物繁殖上所需之保護物，如人工魚礁、船礁或保護礁等人工設施，需經本府書面同意後，始可為之。
3.範圍:以中心位置經緯度為中心，半徑0.5浬範圍以內水域均屬之。",全年,漁業法第44條第4款,漁業法第65條第5款,所有網具,n/a,多功能使用區
新北市,深澳人工魚礁禁漁區,217,北緯25度07分54秒、東經121度51分36秒,Yes,n/a,n/a,"1.凡使用網具類漁具之漁船均不得進入禁漁區範圍內作業。
2.如須於禁漁區內投放或除去水產動植物繁殖上所需之保護物，如人工魚礁、船礁或保護礁等人工設施，需經本府書面同意後，始可為之。
3.範圍:以中心位置經緯度為中心，半徑0.5浬範圍以內水域均屬之。",全年,漁業法第44條第4款,漁業法第65條第5款,所有網具,n/a,多功能使用區
新北市,澳底人工魚礁禁漁區,218,A點：北緯25度03分58秒、東經121度56分30秒B點：北緯25度02分40秒、東經121度57分06秒C點：北緯25度03分01秒、東經121度58分00秒D點：北緯25度04分19秒、東經121度57分25秒,Yes,n/a,n/a,"1.凡使用網具類漁具之漁船均不得進入禁漁區範圍內作業。
2.如須於禁漁區內投放或除去水產動植物繁殖上所需之保護物，如人工魚礁、船礁或保護礁等人工設施，需經本府書面同意後，始可為之。
3.範圍:以A、B、C、D四點所連四方型範圍以內水域均屬之。",全年,漁業法第44條第4款,漁業法第65條第5款,所有網具,n/a,多功能使用區
新北市,八里人工魚礁禁漁區,219,A點：北緯25度11分30.24秒、東經121度20分23.90秒B點：北緯25度10分26.64秒、東經121度21分01.94秒C點：北緯25度09分52.50秒、東經121度19分53.04秒D點：北緯25度11分09.71秒、東經121度19分11.97秒,Yes,n/a,n/a,"1.凡使用網具類漁具之漁船均不得進入禁漁區範圍內作業。
2.如須於禁漁區內投放或除去水產動植物繁殖上所需之保護物，如人工魚礁、船礁或保護礁等人工設施，需經本府書面同意後，始可為之。
3.範圍:以A、B、C、D四點所連四方型範圍以內水域均屬之。",全年,漁業法第44條第4款,漁業法第65條第5款,所有網具,n/a,多功能使用區
新北市,林口保護礁禁漁區,220,A點：北緯25度10分50秒、東經121度17分10秒B點：北緯25度11分10秒、東經121度18分20秒C點：北緯25度09分50秒、東經121度17分20秒D點：北緯25度10分00秒、東經121度18分30秒,Yes,n/a,n/a,"1.凡使用網具類漁具之漁船均不得進入禁漁區範圍內作業。
2.如須於禁漁區內投放或除去水產動植物繁殖上所需之保護物，如人工魚礁、船礁或保護礁等人工設施，需經本府書面同意後，始可為之。
3.範圍:以A、B、C、D四點所連四方型範圍以內水域均屬之。",全年,漁業法第44條第4款,漁業法第65條第5款,所有網具,n/a,多功能使用區
新北市,萬里保護礁禁漁區,221,A點：北緯25度12分30秒、東經121度41分40秒B點：北緯25度11分40秒、東經121度42分50秒C點：北緯25度11分50秒、東經121度41分20秒D點：北緯25度10分50秒、東經121度41分20秒,Yes,n/a,n/a,"1.凡使用網具類漁具之漁船均不得進入禁漁區範圍內作業。
2.如須於禁漁區內投放或除去水產動植物繁殖上所需之保護物，如人工魚礁、船礁或保護礁等人工設施，需經本府書面同意後，始可為之。
3.範圍:以A、B、C、D四點所連四方型範圍以內水域均屬之。",全年,漁業法第44條第4款,漁業法第65條第5款,所有網具,n/a,多功能使用區
新北市,瑞芳保護礁禁漁區,222,A點：北緯25度10分40秒、東經121度48分40秒B點：北緯25度10分50秒、東經121度49分50秒C點：北緯25度09分00秒、東經121度50分00秒D點：北緯25度08分50秒、東經121度49分10秒,Yes,n/a,n/a,"1.凡使用網具類漁具之漁船均不得進入禁漁區範圍內作業。
2.如須於禁漁區內投放或除去水產動植物繁殖上所需之保護物，如人工魚礁、船礁或保護礁等人工設施，需經本府書面同意後，始可為之。
3.範圍:以A、B、C、D四點所連四方型範圍以內水域均屬之。",全年,漁業法第44條第4款,漁業法第65條第5款,所有網具,n/a,多功能使用區
新北市,貢寮保育區：貢寮區福連里卯澳(A)至洋寮鼻(D)，由A、D為基點距岸300公尺之B、C兩點以南海域。,223,"貢寮保護區(A)25°1'16.33""N，121°59'22.19""E(B)25°1'25.62""N，121°59'26.59""E(C)25°1'17.65""N，122°0'0.67""E(D)25°1'9.55""N，121°59'51.15""E",Yes,300,n/a,"1.石花菜自每年10月1日起至次年4月15日止禁止採捕。
2.九孔殼長未滿4公分者禁止採捕，係以試驗研究或養殖為目的且經本府核准者，不予禁止。
3.龍蝦殼長未滿20公分者禁止採捕，係以試驗研究或養殖為目的且經本府核准者，不予禁止。
4.海膽不含刺殼長未滿8公分者禁止採捕，係以試驗研究或養殖為目的且經本府核准者，不予禁止。
5.麒麟菜自每年9月1日起至次年3月15日禁止採捕。
6.大法螺、珊瑚與礁石禁止採捕，係以試驗研究或養殖為目的且經本府核准者，不予禁止。7.珊瑚礁魚類魚體長未滿20公分者禁止採捕，係以試驗研究或養殖為目的且經本府核准者，不予禁止。8.禁止使用潛水器材採捕石花菜、麒麟菜、九孔、龍蝦、海膽、大法螺、珊瑚礁魚類、珊瑚與礁石等。9.禁止以非釣具類漁具之漁船進入保育區範圍內作業。",全年,漁業法第44條第4款、第7款及第45條第1項、第2項,漁業法第65條第6款,n/a,漁業資源保育區,多功能使用區
新北市,萬里保育區：萬里區野柳相思燈小凸岬(A)至東澳漁港燈塔(D)為基點，沿野柳岬A點向外海距3，400公尺及D點向外海距2，100公尺連線以內海域。,224,"萬里保育區(A)25°12'20.41""N，121°40'40.87""E(B)25°13'28.28""N，121°42'15.79""E(C)25°12'54.76""N，121°42'40.15""E(D)25°12'12.53""N，121°41'39.27""E",Yes,n/a,n/a,"1.石花菜自每年10月1日起至次年4月15日止禁止採捕。
2.九孔殼長未滿4公分者禁止採捕，係以試驗研究或養殖為目的且經本府核准者，不予禁止。
3.龍蝦殼長未滿20公分者禁止採捕，係以試驗研究或養殖為目的且經本府核准者，不予禁止。
4.海膽不含刺殼長未滿8公分者禁止採捕，係以試驗研究或養殖為目的且經本府核准者，不予禁止。
5.麒麟菜自每年9月1日起至次年3月15日禁止採捕。
6.大法螺、珊瑚與礁石禁止採捕，係以試驗研究或養殖為目的且經本府核准者，不予禁止。7.珊瑚礁魚類魚體長未滿20公分者禁止採捕，係以試驗研究或養殖為目的且經本府核准者，不予禁止。8.禁止使用潛水器材採捕石花菜、麒麟菜、九孔、龍蝦、海膽、大法螺、珊瑚礁魚類、珊瑚與礁石等。9.禁止以非釣具類漁具之漁船進入保育區範圍內作業。",全年,漁業法第44條第4款、第7款及第45條第1項、第2項,漁業法第65條第6款,n/a,漁業資源保育區,多功能使用區
新北市,瑞芳保育區:深澳昭明宮東北方300公尺小凸岬(A)至深澳漁港北提(F)為基點，自A點距岸580公尺及F點東南東方300公尺連線以內海域。,225,"瑞芳保育區(A)25°8'3.776""N，121°48'51.502""E(B)25°8'22.678""N，121°48'51.502""E(C)25°8'22.678""N，121°49'52.744""E(D)25°7'51.35""N，121°49'52.744""E(E)25°7'51.35""N，121°49'35.137""E(F)25°7'55.172""N，121°49'26.307""E",Yes,n/a,n/a,"1.石花菜自每年10月1日起至次年4月15日止禁止採捕。
2.九孔殼長未滿4公分者禁止採捕，係以試驗研究或養殖為目的且經本府核准者，不予禁止。
3.龍蝦殼長未滿20公分者禁止採捕，係以試驗研究或養殖為目的且經本府核准者，不予禁止。
4.海膽不含刺殼長未滿8公分者禁止採捕，係以試驗研究或養殖為目的且經本府核准者，不予禁止。
5.麒麟菜自每年9月1日起至次年3月15日禁止採捕。
6.大法螺、珊瑚與礁石禁止採捕，係以試驗研究或養殖為目的且經本府核准者，不予禁止。7.珊瑚礁魚類魚體長未滿20公分者禁止採捕，係以試驗研究或養殖為目的且經本府核准者，不予禁止。8.禁止使用潛水器材採捕石花菜、麒麟菜、九孔、龍蝦、海膽、大法螺、珊瑚礁魚類、珊瑚與礁石等。9.禁止以非釣具類漁具之漁船進入保育區範圍內作業。",全年,漁業法第44條第4款、第7款及第45條第1項、第2項,漁業法第65條第6款,n/a,漁業資源保育區,多功能使用區
新北市,新北市海域,226,n/a,n/a,500,n/a,不得在距岸500公尺、保育區及禁漁區等特定區域作業,每年6月15日至9月14日,漁業法第9條、第14條、第37條、第44條第1項第4款、第46條及第54條,漁業法第10條及第65條第3款或第7款,?鱙,n/a,多功能使用區
新北市,林口人工魚礁禁漁區,227,"範圍:以中心位置(25°09'12""N，121°17'42""E)為中心，半徑0.5浬範圍以內水域均屬之",Yes,926,半徑,1.凡使用網具類漁具之漁船均不得進入禁漁區範圍內作業。2.如須於禁漁區內投放或除去水產動植物繁殖上所需之保護物，如人工魚礁、船礁或保護礁等人工設施，需經本府書面同意後，始可為之。,全年,漁業法第44條第4款、第7款,漁業法第10條或第65條第6款,所有網具,n/a,多功能使用區
新北市,八里人工魚礁禁漁區,228,"(A)25°10'26.64""N，121°21'01.94""E
(B)25°09'52.50""N，121°19'53.04""E
(C)25°11'09.71""N，121°19'11.97""E
(D)25°11'30.24""N，121°20'23.90""E",Yes,n/a,ABCD內,1.凡使用網具類漁具之漁船均不得進入禁漁區範圍內作業。2.如須於禁漁區內投放或除去水產動植物繁殖上所需之保護物，如人工魚礁、船礁或保護礁等人工設施，需經本府書面同意後，始可為之。,全年,漁業法第44條第4款、第7款,漁業法第10條或第65條第6款,所有網具,n/a,多功能使用區
新北市,淡水人工魚礁禁漁區,229,"(A)25°13'51.50""N，121°23'59.77""E
(B)25°13'02.67""N，121°24'47.23""E
(C)25°13'45.75""N，121°25'35.44""E
(D)25°14'33.13""N，121°24'48.18""E",Yes,n/a,ABCD內,1.凡使用網具類漁具之漁船均不得進入禁漁區範圍內作業。2.如須於禁漁區內投放或除去水產動植物繁殖上所需之保護物，如人工魚礁、船礁或保護礁等人工設施，需經本府書面同意後，始可為之。,全年,漁業法第44條第4款、第7款,漁業法第10條或第65條第6款,所有網具,n/a,多功能使用區
新北市,跳石人工魚礁禁漁區,230,"(A)25°16'03.90""N，121°38'00.50""E
(B)25°14'44.27""N，121°38'13.65""E
(C)25°15'03.22""N，121°39'16.40""E
(D)25°16'19.48""N，121°38'41.47""E",Yes,n/a,ABCD內,1.凡使用網具類漁具之漁船均不得進入禁漁區範圍內作業。2.如須於禁漁區內投放或除去水產動植物繁殖上所需之保護物，如人工魚礁、船礁或保護礁等人工設施，需經本府書面同意後，始可為之。,全年,漁業法第44條第4款、第7款,漁業法第10條或第65條第6款,所有網具,n/a,多功能使用區
新北市,萬里人工魚礁禁漁區,231,"(A)25°12'12.53""N，121°41'39.27""E
(B)25°12'54.76""N，121°42'40.15""E
(C)25°11'12.36""N，121°42'59.26""E
(D)25°11'16.83""N，121°41'34.30""E",Yes,n/a,ABCD內,1.凡使用網具類漁具之漁船均不得進入禁漁區範圍內作業。2.如須於禁漁區內投放或除去水產動植物繁殖上所需之保護物，如人工魚礁、船礁或保護礁等人工設施，需經本府書面同意後，始可為之。,全年,漁業法第44條第4款、第7款,漁業法第10條或第65條第6款,所有網具,n/a,多功能使用區
新北市,深澳人工魚礁禁漁區,232,"(A)25°07'38.27""N，121°50'51.21""E
(B)25°08'27.6""N，121°50'51.43""E
(C)25°08'27.73""N，121°52'43.05""E
(D)25°07'24.16""N，121°52'42.57""E",Yes,n/a,ABCD內,1.凡使用網具類漁具之漁船均不得進入禁漁區範圍內作業。2.如須於禁漁區內投放或除去水產動植物繁殖上所需之保護物，如人工魚礁、船礁或保護礁等人工設施，需經本府書面同意後，始可為之。,全年,漁業法第44條第4款、第7款,漁業法第10條或第65條第6款,所有網具,n/a,多功能使用區
新北市,澳底人工魚礁禁漁區,233,"(A)25°03'58""N，121°56'30""E
(B)25°04'19""N，121°57'25""E
(C)25°03'01""N，121°58'00""E
(D)25°02'40""N，121°57'06""E",Yes,n/a,ABCD內,1.凡使用網具類漁具之漁船均不得進入禁漁區範圍內作業。2.如須於禁漁區內投放或除去水產動植物繁殖上所需之保護物，如人工魚礁、船礁或保護礁等人工設施，需經本府書面同意後，始可為之。,全年,漁業法第44條第4款、第7款,漁業法第10條或第65條第6款,所有網具,n/a,多功能使用區
新北市,林口保護礁禁漁區,234,"(A)25°10'50""N，121°17'10""E
(B)25°11'10""N，121°18'20""E
(C)25°10'00""N，121°18'30""E
(D)25°09'50""N，121°17'20""E",Yes,n/a,ABCD內,1.凡使用網具類漁具之漁船均不得進入禁漁區範圍內作業。2.如須於禁漁區內投放或除去水產動植物繁殖上所需之保護物，如人工魚礁、船礁或保護礁等人工設施，需經本府書面同意後，始可為之。,全年,漁業法第44條第4款、第7款,漁業法第10條或第65條第6款,所有網具,n/a,多功能使用區
新北市,瑞芳保護礁禁漁區,235,"(A)25°10'40""N，121°48'40""E
(B)25°10'50""N，121°49'50""E
(C)25°09'00""N，121°50'00""E
(D)25°08'50""N，121°49'10""E",Yes,n/a,ABCD內,1.凡使用網具類漁具之漁船均不得進入禁漁區範圍內作業。2.如須於禁漁區內投放或除去水產動植物繁殖上所需之保護物，如人工魚礁、船礁或保護礁等人工設施，需經本府書面同意後，始可為之。,全年,漁業法第44條第4款、第7款,漁業法第10條或第65條第6款,所有網具,n/a,多功能使用區
新竹市,南寮人工魚礁禁漁區,236,24°51'06''N;120°52'54''E,Yes,926,半徑,以中心位置經緯度為中心，半徑0.5浬範圍以內水域均屬之,全年,漁業法第44條第4、7款,漁業法第10條、第65條第5款,"所有網具
",n/a,多功能使用區
新竹市,南寮第二人工魚礁禁漁區,237,24°52'36''N;120°52'48''E,Yes,926,半徑,以中心位置經緯度為中心，半徑0.5浬範圍以內水域均屬之,全年,漁業法第44條第4、7款,漁業法第10條、第65條第5款,"所有網具
",n/a,多功能使用區
新竹市,香山人工魚礁禁漁區,238,24°46'08''N;120°49'42''E,Yes,926,半徑,以中心位置經緯度為中心，半徑0.5浬範圍以內水域均屬之,全年,漁業法第44條第4、7款,漁業法第10條、第65條第5款,"所有網具
",n/a,多功能使用區
新竹市,香山保護礁區禁漁區,239,"A點24°46'27''N;120°50'00''E。
B點24°47'46''N;120°51'05''E。",Yes,926,半徑,以A、B兩點所連之標示直線周圍0.5浬範圍以內水域均屬之,全年,漁業法第44條第4、7款,漁業法第10條、第65條第5款,"所有網具
",n/a,多功能使用區
新竹市,竹市(一)保護礁區禁漁區,240,"A點24°50'30''N;120°53'00''E。
B點24°50'30''N;120°54'00''E。
C點24°48'00''N;120°52'00''E。
D點24°48'00''N;120°53'00''E。",Yes,n/a,ABCD內,以A、B、C、D四點所連四方型範圍以內水域均屬之。,全年,漁業法第44條第4、7款,漁業法第10條、第65條第5款,"所有網具
",n/a,多功能使用區
新竹市,竹市(二)保護礁區禁漁區,241,"A點25°10'00''N;121°42'42''E。
B點25°13'30''N;121°42'48''E。
C點25°11'36''N;121°48'42''E。
D點25°08'12''N;121°47'48''E。",Yes,n/a,ABCD內,以A、B、C、D四點所連四方型範圍以內水域均屬之。,全年,漁業法第44條第4、7款,漁業法第10條、第65條第5款,"所有網具
",n/a,多功能使用區
新竹市,南寮(三)魚礁區區,242,24°50'35''N;120°50'35''E,Yes,926,半徑,以中心位置經緯度為中心，半徑0.5浬範圍以內水域均屬之,全年,漁業法第44條第1項4第4、7款,漁業法第65條第5款,"所有網具
",n/a,多功能使用區
新竹市,新竹市沿岸海域,243,n/a,n/a,500,n/a,不得於距岸500公尺以內水域作業,06/16~09/15,漁業法第9條、第14條、第37條、第44條第4款、第46條及第54條,漁業法第10條及第65條第3、7款,?鱙,n/a,多功能使用區
嘉義縣,布袋人工魚礁區,244,"禁漁區中心位置：
N23°24'18”、E119°59'36”
以中心位置經緯度為中心，半徑1000公尺範圍以內水域均屬之。",Yes,1000,半徑,"1.凡使用網具類漁具之漁船均不得進入禁漁區範圍內作業。
2.如需於禁漁區內投放或除去水產動植物繁殖上所需之保護物，如人工魚礁、船礁或保護礁等人工設施，需經本府書面同意後，始可為之。",全年,漁業法第44條第4、7款,漁業法第65條第5款或第10條,n/a,人工魚礁,多功能使用區
嘉義縣,嘉義縣北港溪至八掌溪距岸4浬內,245,n/a,n/a,7408,n/a,"1.本注意事項所稱漁船，指於嘉義管轄海域進行籠具漁業作業之經營或兼營籠具船舶、舢舨、漁筏。
2.全年禁止籠具漁船於本縣北港溪至八掌溪距岸4浬內作業。",全年,漁業法第54條第5款,漁業法第65條第8款,籠具,n/a,多功能使用區
彰化縣,伸港螻蛄蝦繁殖保育區,246,"自本縣伸港曾家村出海到路西北側離岸600公尺外海域，以A、B、C、D點所連城方形區域內均屬之；
A點:24°10'08''N;120°27'43''E；
B點:24°10'08''N;120°27'22''E；
C點:24°09'47''N;120°27'08''E；
D點:24°09'47''N;120°27'29''E。",Yes,n/a,ABCD內,本保育區範圍內，除經主管機關核准之學術研究外，全年禁止採捕螻蛄蝦、二枚貝及其他水產動植物。,全年,漁業法第44條第1項第4款、第45條,第65條第6款,n/a,漁業資源保育區,完全禁漁區
彰化縣,伸港(二)、王功螻蛄蝦繁殖保育區,247,"(一)伸港(二)螻蛄蝦繁殖保育區位於伸港螻蛄蝦繁殖保育區之北側，範圍以A”、B”、C”、D”點座標所連成方形區域內均屬之，面積約20公頃，均為核心區。
【A”點:24°10'24.15''N，120°27'17.14''E；
B”點:24°10'22.11''N，120°27'23.88''E；
C”點:24°10'55.85''N，120°27'32.05''E；
D”點:24°10'58.27''N，120°27'23.55''E。】
",Yes,n/a,ABCD內,"(一)本保育區範圍內之「核心區」，除經主管機關核准之學術研究外，全年禁止採捕螻蛄蝦、二枚貝及其他水產動植物。
(二)「養護區」內僅供生態教學、漁業生態體驗活動及學術研究，且需經本府核准者為限。本區只開放示範採捕螻蛄蝦，完後原地放生，不得帶出保育區。",全年,漁業法第44條第1項第4款、第45條,第65條第6款,n/a,漁業資源保育區,完全禁漁區
彰化縣,伸港(二)、王功螻蛄蝦繁殖保育區,248,"(二)王功螻蛄蝦繁殖保育區
1.範圍以A、B、E、F點座標所連成之方形區域內均屬之，總面積約40.56公頃。
【A點:23°58'08.31''N，120°19'05.14''E；
B點:23°58'11.30''N，120°19'19.73''E；
E點:23°57'28.82''N，120°18'34.78''E；
F點:23°57'23.93''N，120°18'40.04''E。】",Yes,n/a,ABCD內,"(一)本保育區範圍內之「核心區」，除經主管機關核准之學術研究外，全年禁止採捕螻蛄蝦、二枚貝及其他水產動植物。
(二)「養護區」內僅供生態教學、漁業生態體驗活動及學術研究，且需經本府核准者為限。本區只開放示範採捕螻蛄蝦，完後原地放生，不得帶出保育區。",全年,漁業法第44條第1項第4款、第45條,第65條第6款,n/a,漁業資源保育區,完全禁漁區
彰化縣,伸港(二)、王功螻蛄蝦繁殖保育區,249,"(二)王功螻蛄蝦繁殖保育區2.保育區內以A、B、C、D點座標連成之方形區域為「核心區」，面積約19.14公頃。
【A點23°58'08.31""N，120°19'05.14""E；
B點23°58'11.30""N，120°19'19.73""E；
C點23°57'53.12""N，120°18'53.36""E；
D點23°57'48.52""N，120°19'00.65""E。】",Yes,n/a,ABCD內,"(一)本保育區範圍內之「核心區」，除經主管機關核准之學術研究外，全年禁止採捕螻蛄蝦、二枚貝及其他水產動植物。
(二)「養護區」內僅供生態教學、漁業生態體驗活動及學術研究，且需經本府核准者為限。本區只開放示範採捕螻蛄蝦，完後原地放生，不得帶出保育區。",全年,漁業法第44條第1項第4款、第45條,第65條第6款,n/a,漁業資源保育區,完全禁漁區
彰化縣,伸港(二)、王功螻蛄蝦繁殖保育區,250,"(二)王功螻蛄蝦繁殖保育區3.保育區內以C、D、E、F點座標連成之方形區域為「養護區」，面積約21.42公頃。
【C點23°57'53.12""N，120°18'53.36""E；
D點23°57'48.52""N，120°19'00.65""E；
E點23°57'28.82""N，120°18'34.78""E；
F點23°57'23.93""N，120°18'40.04""E。】
",Yes,n/a,ABCD內,"(一)本保育區範圍內之「核心區」，除經主管機關核准之學術研究外，全年禁止採捕螻蛄蝦、二枚貝及其他水產動植物。
(二)「養護區」內僅供生態教學、漁業生態體驗活動及學術研究，且需經本府核准者為限。本區只開放示範採捕螻蛄蝦，完後原地放生，不得帶出保育區。",全年,漁業法第44條第1項第4款、第45條,第65條第6款,n/a,漁業資源保育區,完全禁漁區
彰化縣,王功保護礁區網具類漁具禁漁區,251,"A點24°00'30''N;120°12'57''E。
B點24°00'00''N;120°12'36''E。
以A、B兩點所連成之標示直線周圍1000公尺以內之水域均屬之",Yes,1000,AB周圍,"1.為避免網具在禁漁區內作業造成漁具受損及發生危險，凡使用網具之漁船均禁止進入禁漁區範圍內作業。
2.如須於禁漁區內投放或除去水產動植物繁殖上所需之保護物，如人工魚礁、船礁或保護礁等人工設施，需經本府書面同意後，使可為之。",全年,漁業法第44條第1項第4、7款,漁業法第65條第6款及第10條,"所有網具
",人工魚礁、保護礁,多功能使用區
彰化縣,漢寶保護礁禁漁區,252,"A點24°01'05''N;120°17'22''E。
B點24°00'39''N;120°16'50''E。
以A、B兩點所連成標示直線周邊各1000公尺以內水域均屬之",Yes,1000,AB周圍,"1.凡使用網具類漁具之漁船均不得進入禁漁區範圍內作業。
2.如須於禁漁區內投放或除去水產動植物繁殖上所需之保護物，如人工魚礁、船礁或保護礁等人工設施，需經本府書面同意後，使可為之，",全年,漁業法第44條第1項第4、7款,漁業法第65條第6款及第10條,"所有網具
",人工魚礁、保護礁,多功能使用區
彰化縣,伸港保護礁禁漁區,253,"A點24°10'53''N;120°22'31''E。
B點24°10'28''N;120°22'01''E。
以A、B兩點所連成標示直線周邊各1000公尺以內水域均屬之",Yes,1000,AB周圍,"1.凡使用網具類漁具之漁船均不得進入禁漁區範圍內作業。
3.如須於禁漁區內投放或除去水產動植物繁殖上所需之保護物，如人工魚礁、船礁或保護礁等人工設施，需經本府書面同意後，使可為之，",全年,漁業法第44條第1項第4、7款,漁業法第65條第6款及第10條,"所有網具
",人工魚礁、保護礁,多功能使用區
彰化縣,鹿港保護礁禁漁區,254,"A點24°05'00''N;120°20'00''E。
B點24°04'24''N;120°19'20''E。
以A、B兩點所連成標示直線周邊各1000公尺以內水域均屬之",Yes,1000,AB周圍,"1.凡使用網具類漁具之漁船均不得進入禁漁區範圍內作業。
4.如須於禁漁區內投放或除去水產動植物繁殖上所需之保護物，如人工魚礁、船礁或保護礁等人工設施，需經本府書面同意後，使可為之，",全年,漁業法第44條第1項第4、7款,漁業法第65條第6款及第10條,"所有網具
",人工魚礁、保護礁,多功能使用區
彰化縣,大肚溪口保護礁禁漁區,255,"A點24°12'48''N;120°23'30''E。
B點24°11'30''N;120°22'24''E。
以A、B兩點所連成標示直線周邊各1000公尺以內水域均屬之",Yes,1000,AB周圍,"1.凡使用網具類漁具之漁船均不得進入禁漁區範圍內作業。
5.如須於禁漁區內投放或除去水產動植物繁殖上所需之保護物，如人工魚礁、船礁或保護礁等人工設施，需經本府書面同意後，使可為之，",全年,漁業法第44條第1項第4、7款,漁業法第65條第6款及第10條,"所有網具
",人工魚礁、保護礁,多功能使用區
彰化縣,線西保護礁禁漁區,256,"A點24°10'24''N;120°19'00''E。
B點24°10'24''N;120°18'06''E。
C點24°08'30''N;120°17'00''E。
D點24°08'30''N;120°18'04''E。
以A、B、C、D四點所連四方形範圍以內水域均屬之。",Yes,n/a,ABCD內,"1.凡使用網具類漁具之漁船均不得進入禁漁區範圍內作業。
6.如須於禁漁區內投放或除去水產動植物繁殖上所需之保護物，如人工魚礁、船礁或保護礁等人工設施，需經本府書面同意後，使可為之，",全年,漁業法第44條第1項第4、7款,漁業法第65條第6款及第10條,"所有網具
",人工魚礁、保護礁,多功能使用區
彰化縣,崙尾保護礁禁漁區,257,"A點24°07'30''N;120°17'48''E。
B點24°07'42''N;120°16'42''E。
C點24°06'45''N;120°16'00''E。
D點24°06'20''N;120°17'12''E。
以A、B、C、D四點所連四方形範圍以內水域均屬之。",Yes,n/a,ABCD內,"1.凡使用網具類漁具之漁船均不得進入禁漁區範圍內作業。
7.如須於禁漁區內投放或除去水產動植物繁殖上所需之保護物，如人工魚礁、船礁或保護礁等人工設施，需經本府書面同意後，使可為之，",全年,漁業法第44條第1項第4、7款,漁業法第65條第6款及第10條,"所有網具
",人工魚礁、保護礁,多功能使用區
彰化縣,福寶保護礁禁漁區,258,"A點24°00'24''N;120°13'29''E。
B點23°59'41''N;120°12'46''E。
以A、B兩點所連成之標示直線周圍1000公尺以內之水域均屬之。",Yes,1000,AB周圍,"1.凡使用網具類漁具之漁船均不得進入禁漁區範圍內作業。
2.如須於禁漁區內投放或除去水產動植物繁殖上所需之保護物，如人工魚礁、船礁或保護礁等人工設施，需經本府書面同意後，使可為之，",全年,漁業法第44條第1項第4、7款,漁業法第65條第6款及第10條,"所有網具
",人工魚礁、保護礁,多功能使用區
澎湖縣,本縣(包括離島)距岸12浬內,259,本縣(包括離島)距岸12浬內,n/a,22224,n/a,本縣(包括離島)距岸十二浬內禁止採捕珊瑚礁；未經許可珊瑚礁不得公開陳列買賣，運入或運出本縣。,全年,漁業法第44條第1、2款,漁業法第60條第2項,n/a,珊瑚礁,多功能使用區
澎湖縣,本縣沙港至員貝、城前至大倉二處海底步,260,本縣沙港至員貝、城前至大倉二處海底步,n/a,n/a,n/a,為保育本縣沙港至員貝、城前至大倉二處海底步道週邊水產資源生態，禁止各種車輛通行。,全年,漁業法第44條第9款,漁業法第65條第5款,n/a,珊瑚礁,禁止進入或影響
澎湖縣,貓鼻石人工魚礁禁漁區，以中心位置經緯度為中心，半徑500公尺範圍以內水域均屬之,261,23°38'42''N;119°28'36''E,Yes,500,半徑,1.凡使用網具類漁具之漁船均禁止進入禁漁區範圍內作業。2.如需於禁漁區內投放或除去水產動植物繁殖上所需之保護物，如人工魚礁、船礁或保護礁等人工設施，需經本府書面同意後，始可為之。,全年,漁業法第44條第4款,漁業法第65條第5款,所有網具,n/a,多功能使用區
澎湖縣,西嶼人工魚礁禁漁區，以中心位置經緯度為中心，半徑500公尺範圍以內水域均屬之,262,23°36'00''N;119°32'00''E,Yes,500,半徑,1.凡使用網具類漁具之漁船均禁止進入禁漁區範圍內作業。2.如需於禁漁區內投放或除去水產動植物繁殖上所需之保護物，如人工魚礁、船礁或保護礁等人工設施，需經本府書面同意後，始可為之。,全年,漁業法第44條第4款,漁業法第65條第5款,所有網具,n/a,多功能使用區
澎湖縣,鎖港人工魚礁禁漁區，以中心位置經緯度為中心，半徑500公尺範圍以內水域均屬之,263,23°31'42''N;119°37'06''E,Yes,500,半徑,1.凡使用網具類漁具之漁船均禁止進入禁漁區範圍內作業。2.如需於禁漁區內投放或除去水產動植物繁殖上所需之保護物，如人工魚礁、船礁或保護礁等人工設施，需經本府書面同意後，始可為之。,全年,漁業法第44條第4款,漁業法第65條第5款,所有網具,n/a,多功能使用區
澎湖縣,香爐嶼人工魚礁禁漁區，以中心位置經緯度為中心，半徑500公尺範圍以內水域均屬之,264,23°32'30''N;119°38'24''E,Yes,500,半徑,1.凡使用網具類漁具之漁船均禁止進入禁漁區範圍內作業。2.如需於禁漁區內投放或除去水產動植物繁殖上所需之保護物，如人工魚礁、船礁或保護礁等人工設施，需經本府書面同意後，始可為之。,全年,漁業法第44條第4款,漁業法第65條第5款,所有網具,n/a,多功能使用區
澎湖縣,七美人工魚礁禁漁區，以中心位置經緯度為中心，半徑500公尺範圍以內水域均屬之,265,23°10'54''N;119°25'48''E,Yes,500,半徑,1.凡使用網具類漁具之漁船均禁止進入禁漁區範圍內作業。2.如需於禁漁區內投放或除去水產動植物繁殖上所需之保護物，如人工魚礁、船礁或保護礁等人工設施，需經本府書面同意後，始可為之。,全年,漁業法第44條第4款,漁業法第65條第5款,所有網具,n/a,多功能使用區
澎湖縣,後寮北人工魚礁禁漁區，以中心位置經緯度為中心，半徑500公尺範圍以內水域均屬之,266,23°41'00''N;119°32'18''E,Yes,500,半徑,1.凡使用網具類漁具之漁船均禁止進入禁漁區範圍內作業。2.如需於禁漁區內投放或除去水產動植物繁殖上所需之保護物，如人工魚礁、船礁或保護礁等人工設施，需經本府書面同意後，始可為之。,全年,漁業法第44條第4款,漁業法第65條第5款,所有網具,n/a,多功能使用區
澎湖縣,虎井南人工魚礁禁漁區，以中心位置經緯度為中心，半徑500公尺範圍以內水域均屬之,267,23°28'30''N;119°31'30''E,Yes,500,半徑,1.凡使用網具類漁具之漁船均禁止進入禁漁區範圍內作業。2.如需於禁漁區內投放或除去水產動植物繁殖上所需之保護物，如人工魚礁、船礁或保護礁等人工設施，需經本府書面同意後，始可為之。,全年,漁業法第44條第4款,漁業法第65條第5款,所有網具,n/a,多功能使用區
澎湖縣,澎南人工魚礁禁漁區，以A、B、C、D四點所連成之四方範圍並向外延伸1000公尺以內水域均屬之。,268,A點23°31'00''N;119°38'30''E。B點23°30'30''N;119°38'30''E。C點23°30'30''N;119°38'00''E。D點23°31'00''N;119°38'00''E。,Yes,1000,ABCD內，及向外1000m,1.凡使用網具類漁具之漁船均禁止進入禁漁區範圍內作業。2.如需於禁漁區內投放或除去水產動植物繁殖上所需之保護物，如人工魚礁、船礁或保護礁等人工設施，需經本府書面同意後，始可為之。,全年,漁業法第44條第4款,漁業法第65條第5款,所有網具,n/a,多功能使用區
澎湖縣,望安人工魚礁禁漁區，以A、B、C、D四點所連成之四方範圍並向外延伸1000公尺以內水域均屬之。,269,A點23°20'24''N;119°31'42''E。B點23°19'54''N;119°31'42''E。C點23°19'54''N;119°31'12''E。D點23°20'24''N;119°31'12''E。,Yes,1000,ABCD內，及向外1000m,1.凡使用網具類漁具之漁船均禁止進入禁漁區範圍內作業。2.如需於禁漁區內投放或除去水產動植物繁殖上所需之保護物，如人工魚礁、船礁或保護礁等人工設施，需經本府書面同意後，始可為之。,全年,漁業法第44條第4款,漁業法第65條第5款,所有網具,n/a,多功能使用區
澎湖縣,錠鉤嶼人工魚礁禁漁區，以A、B、C、D四點所連成之四方範圍並向外延伸1000公尺以內水域均屬之。,270,"A點23°36'32''N;119°41'40''E。
B點23°36'11''N;119°41'40''E。
C點23°36'11''N;119°42'03''E。
D點23°36'32''N;119°42'03''E。",Yes,1000,ABCD內，及向外1000m,1.凡使用網具類漁具之漁船均禁止進入禁漁區範圍內作業。2.如需於禁漁區內投放或除去水產動植物繁殖上所需之保護物，如人工魚礁、船礁或保護礁等人工設施，需經本府書面同意後，始可為之。,全年,漁業法第44條第4款,漁業法第65條第5款,所有網具,n/a,多功能使用區
澎湖縣,大石鼻保護礁禁漁區，以A、B、C、D四點所連成之四方範圍並向外延伸1000公尺以內水域均屬之。,271,"A點23°35'12''N;119°31'12''E。
B點23°36'12''N;119°32'00''E。
C點23°36'30''N;119°32'48''E。
D點23°36'24''N;119°35'00''E。",Yes,1000,ABCD內，及向外1000m,1.凡使用網具類漁具之漁船均禁止進入禁漁區範圍內作業。2.如需於禁漁區內投放或除去水產動植物繁殖上所需之保護物，如人工魚礁、船礁或保護礁等人工設施，需經本府書面同意後，始可為之。,全年,漁業法第44條第4款,漁業法第65條第5款,所有網具,n/a,多功能使用區
澎湖縣,內灣保護礁禁漁區，以A、B兩點所連成之標示直線周圍1000公尺以內之水域屬之,272,"A點23°37'48''N;119°33'12''E。
B點23°34'48''N;119°30'42''E。",Yes,1000,AB線左右,1.凡使用網具類漁具之漁船均禁止進入禁漁區範圍內作業。2.如需於禁漁區內投放或除去水產動植物繁殖上所需之保護物，如人工魚礁、船礁或保護礁等人工設施，需經本府書面同意後，始可為之。,全年,漁業法第44條第4款,漁業法第65條第5款,所有網具,n/a,多功能使用區
澎湖縣,內灣(二)保護礁禁漁區，以A、B兩點所連成之標示直線周圍1000公尺以內之水域屬之,273,"A點23°37'06''N;119°32'42''E。
B點23°35'48''N;119°31'541''E。",Yes,1000,AB線左右,1.凡使用網具類漁具之漁船均禁止進入禁漁區範圍內作業。2.如需於禁漁區內投放或除去水產動植物繁殖上所需之保護物，如人工魚礁、船礁或保護礁等人工設施，需經本府書面同意後，始可為之。,全年,漁業法第44條第4款,漁業法第65條第5款,所有網具,n/a,多功能使用區
澎湖縣,內灣(三)保護礁禁漁區，以A、B兩點所連成之標示直線周圍1000公尺以內之水域屬之,274,"A點23°34'54''N;119°32'36''E。
B點23°33'42''N;119°31'30''E。",Yes,1000,AB線左右,1.凡使用網具類漁具之漁船均禁止進入禁漁區範圍內作業。2.如需於禁漁區內投放或除去水產動植物繁殖上所需之保護物，如人工魚礁、船礁或保護礁等人工設施，需經本府書面同意後，始可為之。,全年,漁業法第44條第4款,漁業法第65條第5款,所有網具,n/a,多功能使用區
澎湖縣,內灣(四)保護礁禁漁區，以A、B兩點所連成之標示直線周圍1000公尺以內之水域屬之,275,"A點23°36'34''N;119°31'54''E。
B點23°37'08''N;119°32'51''E。",Yes,1000,AB線左右,1.凡使用網具類漁具之漁船均禁止進入禁漁區範圍內作業。2.如需於禁漁區內投放或除去水產動植物繁殖上所需之保護物，如人工魚礁、船礁或保護礁等人工設施，需經本府書面同意後，始可為之。,全年,漁業法第44條第4款,漁業法第65條第5款,所有網具,n/a,多功能使用區
澎湖縣,內灣(五)保護礁禁漁區，以A、B、C、D四點所連成之四方範圍並向外延伸1000公尺以內水域均屬之。,276,"A點23°37'30''N;119°31'54''E。
B點23°33'48''N;119°29'12''E。
C點23°32'30''N;119°31'06''E。
D點23°36'18''N;119°34'06''E。",Yes,1000,ABCD內，及向外1000m,1.凡使用網具類漁具之漁船均禁止進入禁漁區範圍內作業。2.如需於禁漁區內投放或除去水產動植物繁殖上所需之保護物，如人工魚礁、船礁或保護礁等人工設施，需經本府書面同意後，始可為之。,全年,漁業法第44條第4款,漁業法第65條第5款,所有網具,n/a,多功能使用區
澎湖縣,澎湖縣海域,277,禁漁期內禁止採捕丁香魚,n/a,n/a,n/a,禁漁期內禁止採捕丁香魚,每年5月1日至6月1日,漁業法第44條第4款,漁業法第65條第5款、第10條,n/a,特定生物(丁香魚),多功能使用區
澎湖縣,設置網具類漁具禁漁區，以A、B、C、D四點所連成之區域向外延伸500公尺以內。,278,"A點23°36'54''N;119°41'66''E。
B點23°36'18''N;119°41'66''E。
C點23°36'18''N;119°42'05''E。
D點23°36'54''N;119°42'05''E。",Yes,500,ABCD內，及向外500m,"1.凡使用網具類漁具之漁船均禁止進入禁漁區範圍內作業。2.如需於禁漁區內投放人工魚礁、保護礁、船礁等人工設施或除去水產動植物繁殖上所需之保護物，需經本府書面同意後，始可為之。
",全年,漁業法第44條第4款,漁業法第65條第5款,所有網具,n/a,多功能使用區
澎湖縣,以中心位置經緯度為中心，半徑0.5浬範圍以內水域均屬之,279,23°10'38''N;119°26'43''E,Yes,926,半徑,"1.凡使用網具類漁具之漁船均禁止進入禁漁區範圍內作業。2.如需於禁漁區內投放或除去水產動植物繁殖上所需之保護物，如人工魚礁、船礁或保護礁等人工設施，需經本府書面同意後，始可為之。
",全年,漁業法第44條第4款,漁業法第65條第5款,所有網具,n/a,多功能使用區
澎湖縣,以A、B、C、D四點所連成之四方範圍並向外延伸1000公尺以內水域均屬之。,280,"A點23°36.6'N;119°31.4'E。
B點23°36.2'N;119°31.4'E。
C點23°36.6'N;119°31.8'E。
D點23°36.2'N;119°31.8'E。",Yes,1000,ABCD內，及向外1000m,1.凡使用網具類漁具之漁船均禁止進入禁漁區範圍內作業。2.如需於禁漁區內投放或除去水產動植物繁殖上所需之保護物，如人工魚礁、船礁或保護礁等人工設施，需經本府書面同意後，始可為之。,全年,漁業法第44條第4款,漁業法第65條第5款,所有網具,n/a,多功能使用區
澎湖縣,桶盤、虎井海域，以A、B兩點及C、D兩點所連成兩條直線之間所涵蓋之水域範圍內均屬之。,281,"A點23°30'34''N;119°30'50''E。
B點23°29'30''N;119°30'35''E。
C點23°3033'''N;119°31'20''E。
D點23°29'53''N;119°32'15''E。",Yes,n/a,ABCD內,禁用扒網、籠具類漁法(具)及潛水從事漁撈捕撈行為之船筏(含自用遊樂船筏)。,全年,漁業法第44條第1項第4款,漁業法第65條第5款,其他網具(扒網)、籠具、潛水,n/a,多功能使用區
澎湖縣,內灣海域以AB兩點相連，及CD兩點相連之內灣水域範圍均屬之。,282,"A點23°34.00'N;119°30.60'E。
B點23°33.23'N;119°32.88'E。
C點23°39.50'N;119°32.78'E。
D點23°38.50'N;119°32.16'E。",Yes,n/a,ABCD內,"1.凡使用網具類(如焚寄網、扒網、棒受網、刺網)、籠具類、燈火類漁法(具)及潛水從事漁撈採捕行為之船筏(含自用遊樂船筏)，除下(二)款規定外均不得進入禁漁區範圍內作業。
2.10噸以下從事單層刺網且使用3公分以上網目作業之漁船筏(不含自用遊樂船筏)，除得於每年3月1日起至6月30日及9月1日起至12月31日，進入禁漁區內作業外，其餘任何時間均不得進入禁漁區範圍內作業。
",全年,漁業法第44條第1項第4款,漁業法第65條第5款,刺網(1層)、所有網具、籠具、燈火、潛水、,n/a,多功能使用區
澎湖縣,以A、B兩點所連成之標示直線周圍1000公尺以內之水域屬之,283,"A點23°34.654'N;119°29.197'E。
B點23°34.654'N;119°28.796'E。",Yes,1000,AB線左右,1.凡使用網具類漁具之漁船均禁止進入禁漁區範圍內作業。2.如需於禁漁區內投放或除去水產動植物繁殖上所需之保護物，如人工魚礁、船礁或保護礁等人工設施，需經本府書面同意後，始可為之。,全年,漁業法第44條第4款,漁業法第65條第5款,所有網具,n/a,多功能使用區
澎湖縣,內垵海域，以A、B兩點所連成直線以東之水域均屬之,284,"A點23°35'41''N;119°28'55''E。
B點23°34'38''N;119°28'29''E。
",Yes,1000,AB線以東,禁用扒網、籠具類漁法(具)及潛水從事漁撈捕撈行為之船筏(含自用遊樂船筏)。,全年,漁業法第44條第1項第4款,漁業法第65條第5款,其他網具(扒網)、籠具、潛水,n/a,多功能使用區
澎湖縣,澎湖縣海域,285,澎湖縣海域,n/a,n/a,n/a,"二層(含)以上刺網禁止輸入本縣；漁船出港不得攜帶二層(含)以上刺網、滾輪式漁具、電魚之電纜、電瓶與電棒；本縣燈火漁業漁船懸掛金屬燈懸掛數限制。
",全年,漁業法第54條第5款,漁業法第65條第7款,拖網、刺網(2層以上)、燈火,n/a,多功能使用區
澎湖縣,澎湖縣海域,286,澎湖縣海域,n/a,n/a,n/a,"本縣潮間帶海域禁紙黑蟶(俗稱灘)、山羊海菊蛤(俗稱粉蚵或燈火蚵)、大白狐蛤（俗稱撬仔）及歪斜鬍蛤(俗稱掃帚仔)等四種貝類之採捕、處理、販賣或持有。
",全年,漁業法第44條第1、2款,漁業法第60條第2項,n/a,特定生物(珊瑚礁貝類),多功能使用區
澎湖縣,澎湖縣距岸3浬內海域(含潮間帶海域),287,澎湖縣距岸3浬內海域(含潮間帶海域),n/a,n/a,n/a,禁止黑海參、蕩皮參、糙刺參等三種海參之採捕或處理,全年,漁業法第44條第1款,漁業法第60條第2項,n/a,特定生物(海參),多功能使用區
澎湖縣,澎湖縣海域,288,澎湖縣海域,n/a,n/a,n/a,"為維護漁(船)民海上作業安全及保育本縣沿岸漁業資源，訂定本縣20噸以下漁船攜帶空氣壓縮機出海隨附之空氣軟管長度限制如下：(1)5噸以下漁船(含舢舨)長度20公尺。(2)5噸以上未滿10噸漁船長度25公尺。(3)10噸以上未滿20噸漁船長度30公尺。基於保障漁船出海作業安全及維持漁區作業秩序，漁船攜帶空氣壓縮機出海，僅限於解除?葉絞擺，不得從事採捕水產動植物行為。
",全年,漁業法第54條第5款,漁業法第65條第7款,潛水,n/a,多功能使用區
澎湖縣,澎湖縣七美鄉本島距岸3浬水域範圍內均屬之,289,澎湖縣七美鄉本島距岸3浬水域範圍內均屬之,n/a,n/a,n/a,凡使用燈火類(如焚寄網、扒網、棒受網)全年均不得進入禁漁區範圍內作業，但基於試驗或研究需要，經本府同意者，不在此限。,全年,漁業法第44條第1項第4款,漁業法第65條第5款,燈火,n/a,多功能使用區
澎湖縣,澎湖縣距岸12浬以內海域,290,澎湖縣距岸12浬以內海域,n/a,n/a,n/a,本縣距岸12浬以內海域禁止使用大法螺之採捕;禁止大法螺之販賣及持有(不含製品)。,全年,漁業法第44條第1、2款,漁業法第60條第2項,n/a,特定生物(大法螺),多功能使用區
澎湖縣,澎湖縣海域,291,澎湖縣海域,n/a,n/a,n/a,"?1.修正增訂本縣海域建議水產動物放流種類及地點。
2.餘請依「水產動物增殖放流縣智及應遵行事項」辦理。",全年,漁業法第44條第1項第8、9款,水產動物增殖放流限制及應遵行事項第4點,n/a,?特定生物(如公告附表),多功能使用區
澎湖縣,澎湖縣海域,292,澎湖縣海域,n/a,n/a,n/a,"1.本縣海域硨磲科所有種不得採捕、持有、販售、處理及利用。
2.學術研究機構基於試驗研究及教育目的，經本府核准者，不受本公告事項之限制。領有合法養殖登記業者，經本府核准，使得持有、販售、處理及利用人工繁養殖方式培育硨磲科物種。",全年,漁業法第44條第1項第1、2款,漁業法第60條第2項,n/a,特定生物(硨磲貝),多功能使用區
澎湖縣,澎湖縣海域,293,澎湖縣海域,n/a,n/a,n/a,"1.每年9/1至翌年6/15禁止採捕、處理、販賣或持有馬糞海膽。
2.每年6/16至8/31禁止採捕、處理、販賣或持有殼徑未滿8公分之馬糞海膽。每年6/16至8/31販賣殼徑8公分以上馬糞海膽應向本府農漁局申請核准後，始得輸出本縣。
3.為試驗、科學調查及教育目的採捕馬糞海膽，經本府核准者不受前二點限制。",每年9/1至翌年6/15,漁業法第44條第1項第1、2款,漁業法第60條第2項,n/a,特定生物(馬糞海膽),多功能使用區
澎湖縣,澎湖縣潮間帶海域,294,澎湖縣潮間帶海域,n/a,n/a,n/a,"1.公告本縣潮間帶海域禁止「黑石蜊Lithophagateres(俗稱「灘」)」、山羊海菊蛤Spondybarbatus(俗稱「粉蚵」或「燈火蚵」)、大白狐蛤Linavulgaris(俗稱「撬仔」)及「孔雀殼菜蛤Septiferbilocularis(俗稱「掃帚仔」)等4種貝類之採捕、處理、販賣或持有。
2.前述4種貝類，除為試驗或研究需要，並經本府同意者，不得採捕、處理、販賣或持有。",全年,漁業法第44條第1項第1、2款,漁業法第60條第2項,n/a,特定生物(黑石蜊Lithophagateres(俗稱「灘」)、山羊海菊蛤Spondybarbatus(俗稱「粉蚵」或「燈火蚵」)、大白狐蛤Linavulgaris(俗稱「撬仔」)、孔雀殼菜蛤Septiferbilocularis(俗稱「掃帚仔」)),多功能使用區
